Query,Role,Table Sensitivity,Average Data Size,Frequency Score,Label
1,0.6,1.7,0.17182644036755784,3.894668446067766,2
1,0.6,1.6,0.4024959247215672,5.66654964277183,1
1,0.5,1.4,0.9204609055117764,5.2887219600758915,1
1,1.0,1.7,0.4001738710667099,6.46043372592467,1
1,0.5,1.7,0.2994029892832138,9.418243725098195,0
1,0.6,1.4,0.4254418983701365,2.0419360465925545,2
1,0.8,1.9,0.7097850954558347,3.1530732048161845,2
1,0.6,1.4,0.5920738218778142,5.463260656532496,1
1,0.7,1.3,0.4590622570630383,1.5043390473555565,2
1,0.7,1.6,0.7684373882072892,11.615257352008278,0
1,1.0,1.6,0.11980996797738985,2.859384747553621,2
1,1.0,2.7,0.34031327697605,5.959925366999935,1
1,0.6,1.6,0.3169270614514144,6.775667494299133,1
1,0.7,1.7000000000000002,0.739891787627853,1.3304521291171996,2
1,0.8,1.3,0.7069952116331799,8.751463224320103,1
1,0.5,1.6,0.6803002840668737,9.14489081904334,0
1,0.8,1.3,0.03223910326663597,12.498093230619304,0
1,0.5,3.1,0.4293875720923671,7.780632094103169,1
1,0.7,3.1,0.0932855650061502,2.9076922133774223,2
1,1.0,1.6,0.7532184548624443,1.365195894173172,2
1,0.8,3.1,0.8390774357206057,10.970514120863935,0
1,0.5,3.1,0.872390713263793,5.6038025182303475,1
1,0.5,1.7,0.6041212854297924,9.125404392092175,0
1,0.7,1.3,0.862377361943593,10.823104814753695,0
1,0.5,3.1,0.1494478599988745,11.411512267725351,0
1,0.8,1.4,0.08320867007669902,8.660064270606114,1
1,0.7,1.7000000000000002,0.1261072861193165,3.017053106443558,2
1,0.5,1.4,0.8089036087811777,1.984106697281756,2
1,0.6,1.6,0.6603906582331216,4.015917810958094,2
1,0.8,1.3,0.6347949841267647,11.887702007264615,0
1,0.7,1.9,0.3496270233801187,5.502378425893038,1
1,0.7,1.7000000000000002,0.12466676870477927,1.528339520475276,2
1,1.0,2.2,0.7671593263114516,2.9536324099061995,2
1,0.8,1.6,0.14399643518536326,9.527896366625699,0
1,0.8,3.1,0.6993721278463432,7.588337445204838,1
1,0.7,1.4,0.7865170434955308,0.4633283151370576,2
1,1.0,2.7,0.6426030832568229,6.063764201303787,1
1,0.5,1.6,0.3104753810977688,1.0631368964913113,2
1,0.5,1.4,0.4174668557720843,0.8656362627652507,2
1,0.8,1.3,0.4811479275172648,3.1860511985806954,2
1,0.5,3.1,0.8288189113720315,13.612613339309211,0
1,0.7,1.6,0.7301585964562524,3.9691774485278164,2
1,0.5,3.1,0.4996617537559866,2.316742494537205,2
1,0.8,3.1,0.4786740675896429,1.2595518688805327,2
1,1.0,2.2,0.4560006035459089,6.823529990390841,1
1,1.0,1.4,0.4637728726790111,10.420515800322876,0
1,0.5,3.1,0.4436875828280084,0.2653993986122085,2
1,0.7,1.7,0.1343246573634713,11.030172871989574,0
1,0.8,3.1,0.3373840403958643,9.975288911737314,0
1,0.8,1.4,0.17384141654512444,1.711486553846706,2
1,0.5,1.7,0.6028055855974247,11.441820596527164,0
1,0.7,1.9,0.6043239906974832,2.203018746691725,2
1,0.5,1.6,0.20216612916449733,0.00876387181469152,2
1,0.6,1.4,0.583949198919824,3.2668328547010854,2
1,0.8,1.7,0.32014834898604483,3.9669527718477102,2
1,0.7,1.7000000000000002,0.782809950820932,10.84202047820125,0
1,1.0,2.7,0.3677038929047242,12.325777241594386,0
1,0.5,1.4,0.952032056525864,4.4407238665368585,1
1,0.6,1.7,0.9298889440458888,12.899474409600602,0
1,0.7,1.6,0.7576789577274805,11.506585305359614,0
1,0.6,1.4,0.8528214270776733,9.260982499729376,0
1,0.7,1.7,0.37345868364407103,7.873300856621468,1
1,0.7,3.1,0.6732224837629412,6.582483720204606,1
1,1.0,2.2,0.4917142482072335,9.001377483575954,1
1,0.8,1.4,0.4631574339448377,0.4596883597785065,2
1,0.7,1.7000000000000002,0.4214810368130782,3.7553689949875873,2
1,0.6,1.4,0.8550928070513173,4.939288724416086,1
1,0.5,1.7,0.5399907154241501,9.066337101817448,0
1,1.0,2.2,0.3833962503942929,4.0759992439616255,2
1,0.6,1.4,0.8515398349203549,12.70088624467828,0
1,0.8,1.7000000000000002,0.12254108250295265,1.6711069825666007,2
1,0.8,1.9,0.6975335347324062,6.8294578383264675,1
1,0.6,3.1,0.4290986538374587,10.003884381382255,0
1,0.5,1.7,0.6584002915980448,2.4795190163610936,2
1,0.5,1.7,0.933385878052655,6.360145667514366,1
1,1.0,1.6,0.3469724283219052,3.7249671146937664,2
1,0.7,1.6,0.2121270609164329,3.636555702035301,2
1,0.6,3.1,0.2382272603143301,9.907940585861304,0
1,0.8,1.7,0.3333056460324081,8.683364084737477,1
1,0.6,1.7,0.6848798714751655,6.938869095662046,1
1,0.7,1.9,0.05405895634310507,9.883577666662283,0
1,0.6,1.4,0.10926772981628867,4.9056592872958396,1
1,1.0,1.6,0.169210540525543,11.88765521860127,0
1,0.8,1.7000000000000002,0.2502616254103016,2.884882398387221,2
1,1.0,1.4,0.3527638164069247,3.8214635850433285,2
1,0.7,1.9,0.9733609944568594,10.568532543080316,0
1,0.6,1.4,0.2374134060557573,9.719400940918707,0
1,0.5,1.4,0.9366089625780114,1.4494211233639474,2
1,0.7,1.3,0.5888524492772701,1.4373769082607788,2
1,0.6,1.7,0.923675689335854,0.9434290452071448,2
1,0.8,1.9,0.12772657174206611,4.645702152801456,1
1,1.0,1.6,0.632047140721303,7.807988036323667,1
1,0.6,3.1,0.13112997878486898,5.679221077265628,1
1,0.7,1.7,0.780695524194977,4.399327760686121,1
1,0.6,1.7,0.35042208961771304,13.320759720391635,0
1,0.7,1.7,0.16841352063160278,3.8179826061497297,2
1,0.6,1.6,0.6514104999456167,0.7073422707101736,2
1,1.0,1.4,0.6218548074389475,12.922953835640836,0
1,1.0,1.6,0.16419357000038245,0.4076461389478232,2
1,0.5,1.4,0.375791982969778,13.064760456316545,0
1,0.6,1.7,0.18291176269916296,1.6507704000998396,2
1,0.6,3.1,0.4843653722273799,9.51850155795129,0
1,0.8,3.1,0.013343262957710194,0.4702506751863769,2
1,0.6,1.7,0.93444112632825,1.5666207230638882,2
1,0.6,1.6,0.4951083734045065,11.673769934404184,0
1,0.7,3.1,0.5636813871824661,1.4047654297230012,2
1,0.6,1.4,0.1521900402493548,8.940802871890297,1
1,0.5,1.6,0.7375402378259961,1.2767187633239483,2
1,0.6,1.4,0.8257845682570716,8.05565963591513,1
1,0.6,1.6,0.8067243212183456,12.769970780027965,0
1,0.6,1.4,0.9600825595190716,3.3026758435089625,2
1,0.7,1.4,0.9412695642263637,0.7015593290027419,2
1,1.0,1.6,0.7636591267571353,1.4561064926674223,2
1,0.7,1.3,0.8516852909026069,0.8640138476510508,2
1,0.6,1.4,0.2721452324463686,13.000138190324593,0
1,0.8,3.1,0.07242930621252695,6.346122371320195,1
1,0.8,1.9,0.6187610665983645,8.203432037629891,1
1,0.8,1.7,0.7634115110206549,9.546566978779673,0
1,1.0,1.4,0.07789732889748865,7.738439295258122,1
1,1.0,2.7,0.36858034626157693,3.5967309769639515,2
1,0.8,1.7000000000000002,0.5486301772796722,2.2879917913399304,2
1,0.5,1.7,0.7033013368724434,2.2851257976172747,2
1,0.8,3.1,0.4686441021382659,6.440507846020597,1
1,0.5,1.7,0.2463159988400133,3.0302681691274245,2
1,0.7,1.9,0.6553480233493858,9.625209771927356,0
1,0.5,3.1,0.4575763272323683,9.505384556586792,0
1,0.5,1.4,0.9317210118083588,6.590840956848744,1
1,0.8,1.9,0.10038879567223664,2.4641574411220306,2
1,0.6,3.1,0.3347300774414581,0.5628973979577924,2
1,0.6,1.6,0.08477544410216138,0.6980016547883606,2
1,0.6,1.7,0.15852566120010245,1.3331846002969316,2
1,1.0,2.7,0.3384745044592519,7.0372774516105085,1
1,0.7,1.7,0.9020770452798296,3.052879809708001,2
1,0.6,1.6,0.3497773692118589,5.708330905417568,1
1,0.6,1.4,0.8010207818102323,8.097268038818415,1
1,0.8,1.7,0.4394267956358154,6.70367356569312,1
1,0.5,1.4,0.4124031104690353,13.907616451055482,0
1,0.7,3.1,0.9483095055458536,0.4155714401234681,2
1,0.5,1.6,0.5105877999385007,13.936017777340515,0
1,1.0,1.4,0.4973999130089117,0.4393981283045031,2
1,0.8,1.4,0.2385766381764736,13.510724608698089,0
1,0.6,1.6,0.4841830904836625,13.029825962585493,0
1,0.6,1.4,0.19429019430019076,12.283298053477573,0
1,0.5,1.7,0.6014005201022042,3.3036227822977664,2
1,1.0,2.7,0.18153326222227614,11.814958534533027,0
1,0.8,1.9,0.8848723549307191,5.98544418382858,1
1,0.7,1.4,0.9626664476197252,3.165397798108634,2
1,1.0,1.7,0.19838350117153247,13.83035239750088,0
1,0.8,1.3,0.6222419597938291,2.82517176105683,2
1,0.5,1.7,0.3491532885619068,6.647117357686922,1
1,0.6,3.1,0.9417422421719698,0.3581546587662863,2
1,0.7,1.9,0.9211536295381012,11.097290445921377,0
1,0.7,1.6,0.09789323780558072,11.340755111528866,0
1,0.8,3.1,0.21268335313608067,0.20249111149636295,2
1,0.6,1.4,0.7291211898622751,13.476070917579102,0
1,0.8,1.9,0.3698144539092921,1.4322012397427486,2
1,1.0,2.2,0.3407187404103118,2.6322036813518066,2
1,0.5,1.4,0.029909912739665333,10.891615617188323,0
1,0.7,1.3,0.5127691621667241,8.540553376835486,1
1,0.6,3.1,0.5268885852602844,8.491955640302324,1
1,0.5,3.1,0.9282114372900891,9.407997964278284,0
1,0.5,1.4,0.8425891145694543,1.7766173781705257,2
1,1.0,1.6,0.9337983362271371,11.34048135631032,0
1,0.8,1.7000000000000002,0.8916989248974997,7.157373296887152,1
1,0.8,1.7,0.4495377982062247,0.26354051922030075,2
1,0.5,1.4,0.21826409951901352,2.042022307509934,2
1,0.7,1.3,0.2906607511259383,12.399612015998446,0
1,0.5,1.7,0.011969461901208121,5.819044377996558,1
1,0.5,1.4,0.653175999907352,1.3518565741982929,2
1,1.0,1.4,0.1737775493870555,12.893357662586372,0
1,0.7,1.6,0.6966170826915686,13.160232871174872,0
1,0.7,3.1,0.5492600896794233,4.818902427031712,1
1,0.7,1.6,0.4497250754807219,12.934857869471312,0
1,1.0,2.2,0.9570614253027584,1.7548339663593724,2
1,1.0,2.2,0.8497342446576088,11.945491538461411,0
1,0.6,1.4,0.8520460197683609,4.114572845931899,2
1,0.6,1.4,0.467392913079129,13.394665357189526,0
1,0.5,1.6,0.7427516213763664,3.3755748754898978,2
1,0.8,1.9,0.7296235271362044,5.381330055731344,1
1,0.5,1.4,0.3268284441525477,0.6782714230233962,2
1,0.7,1.7,0.3868877392061568,7.240088683578574,1
1,1.0,2.2,0.25256531323399384,5.110064626161738,1
1,0.5,1.4,0.016040863501621185,1.9277306325292056,2
1,0.6,3.1,0.6636637583756427,2.5532529593845776,2
1,0.5,3.1,0.9658338768338168,12.57414881319646,0
1,0.6,3.1,0.3564721376031708,9.234024515151154,0
1,0.8,1.4,0.8524179991217348,5.696991592743527,1
1,0.8,3.1,0.0745256186099026,7.7542460132805076,1
1,0.8,1.7000000000000002,0.7088349940641949,5.895565765075531,1
1,0.5,1.6,0.5728779903911345,12.690510454217765,0
1,0.5,1.7,0.09640656060890802,12.765915228457636,0
1,0.7,1.3,0.2315860108920579,1.5359828829015252,2
1,0.8,1.9,0.04411476504145792,7.179069370451978,1
1,0.6,1.4,0.2990286390577165,3.268315343266821,2
1,0.5,1.4,0.7879947863261547,11.05813362040231,0
1,0.6,3.1,0.5888574780592973,6.15601925895755,1
1,1.0,1.4,0.28242303386235185,12.191887187940596,0
1,0.7,1.6,0.6474577570692688,10.890614033670783,0
1,0.7,1.3,0.09574233505258054,0.2608511030724861,2
1,0.5,1.6,0.7406132973855324,8.28484101291331,1
1,1.0,2.2,0.5867663298352674,11.80463648706568,0
1,0.6,1.4,0.11216729706510706,9.324775971947227,0
1,0.5,1.4,0.3258715524220116,5.070680392100676,1
1,0.8,1.9,0.08076472192149838,6.719451009715493,1
1,0.6,1.4,0.7306310209129737,3.2288567754386026,2
1,0.6,1.4,0.9206801714132752,4.864176880663051,1
1,0.7,1.6,0.6419525553171614,9.576216440275664,0
1,1.0,2.2,0.7945342972660299,8.809789344925168,1
1,0.7,1.7,0.3270203785413249,1.254600475837523,2
1,0.7,3.1,0.4748961744978861,13.390275781008375,0
1,0.8,1.7000000000000002,0.13208058553610744,6.45240137819745,1
1,0.5,3.1,0.7959583008125263,9.159895801852533,0
1,0.8,1.7,0.1380072515261878,6.8529998486375225,1
1,1.0,1.7,0.2661471554418173,0.5834129530562926,2
1,1.0,1.6,0.4247831650151476,3.28367297726674,2
1,0.6,1.6,0.7025073184738778,3.694590333889041,2
1,0.8,1.7,0.17638315342677746,10.482060889620202,0
1,0.5,1.4,0.7066438271301531,13.494811864416207,0
1,0.6,1.7,0.0455297264388692,5.2511771310183,1
1,0.7,1.7,0.7034907489320361,0.6120285126579701,2
1,0.5,3.1,0.4754680013424106,12.520907688220612,0
1,1.0,2.2,0.7802258380696773,11.736445100705891,0
1,1.0,1.4,0.1290662393073204,6.064650941953101,1
1,1.0,2.2,0.957513340023148,2.6723034200167453,2
1,0.6,1.4,0.6210164164192055,9.642067299718256,0
1,0.5,1.4,0.4920168867140388,11.485849306078016,0
1,0.6,1.6,0.6624034690481362,13.19043357188448,0
1,0.8,1.7000000000000002,0.7541845964189587,4.561507912964832,1
1,1.0,1.7,0.16564823560634698,8.7014661223442,1
1,0.7,1.4,0.3470061549729567,8.8835727654036,1
1,0.7,1.6,0.6156791561784286,9.104716060392732,0
1,1.0,2.2,0.7550210379040998,12.405119226690006,0
1,0.8,1.7000000000000002,0.6008808362682934,8.741728940918517,1
1,0.6,1.4,0.06493558025464885,8.225333053970923,1
1,0.7,1.7,0.8373016581255965,12.687699921459211,0
1,1.0,1.4,0.4136022544106923,6.520910627649737,1
1,1.0,2.2,0.9619552589071896,13.11812331548352,0
1,1.0,2.2,0.668056749677325,1.555829149989136,2
1,0.6,1.6,0.2557253836920771,9.111411079730043,0
1,0.8,1.4,0.181132116724642,2.0858799495007414,2
1,0.6,1.7,0.2780135278357547,5.791301740413494,1
1,1.0,2.2,0.3941699475393306,3.6299222996965153,2
1,1.0,1.4,0.8743957751571668,4.257530139284656,2
1,0.8,1.3,0.6581260682854482,4.771411545601244,1
1,0.6,1.4,0.4837763860917625,10.016689430532708,0
1,0.5,1.6,0.18896599814144027,6.431564073875884,1
1,1.0,2.2,0.35805534177251874,13.612892116738891,0
1,0.8,1.4,0.9333165951030052,8.201096169524499,1
1,0.6,1.4,0.4419010819757946,12.212482896302207,0
1,0.6,1.4,0.26074156198902465,12.419696904475105,0
1,0.7,1.6,0.05521776482828397,12.901400218976365,0
1,0.5,3.1,0.3927718265598085,3.367979883466127,2
1,0.5,1.4,0.6348551966670685,1.5841713244514184,2
1,0.6,3.1,0.3070421233462407,2.5214297712470084,2
1,0.7,3.1,0.6327333838627287,13.868995732030434,0
1,0.6,1.6,0.7793715906914122,8.893419993012682,1
1,1.0,1.4,0.8212341986780556,8.972845252149357,1
1,1.0,1.6,0.0929440191764927,0.6799812088639596,2
1,0.5,1.6,0.041372154456708825,13.726282339113492,0
1,0.6,1.4,0.22412654008921007,9.084431675956196,0
1,0.6,1.4,0.9250127630075156,1.052737272224781,2
1,1.0,2.7,0.3936278150112637,11.656755391340505,0
1,0.7,1.9,0.8760488680355899,0.4277284304572358,2
1,0.5,1.4,0.8751194001187499,12.202474869227476,0
1,0.6,3.1,0.26914418996046463,12.201244548327356,0
1,0.8,3.1,0.8895737124026994,11.697997122339798,0
1,0.8,1.7000000000000002,0.3663602308720794,6.413419136887762,1
1,0.8,1.7000000000000002,0.04780065573844433,3.365524407901511,2
1,0.8,1.7000000000000002,0.3887358313181176,7.7330686464046705,1
1,1.0,2.2,0.6274773655663997,8.75029380017823,1
1,0.6,1.7,0.7511079548038003,11.384254616988457,0
1,0.7,1.9,0.3027463603361697,7.118007806896943,1
1,1.0,2.2,0.4760681204792236,8.77037742567023,1
1,0.7,1.7000000000000002,0.4426764788021679,10.064815200802236,0
1,0.6,1.7,0.3034322325198885,1.7826650037342167,2
1,0.5,3.1,0.26920520524190816,4.757419131201014,1
1,0.6,1.6,0.4773475659542336,6.115611988746441,1
1,0.5,1.4,0.8500074691791083,5.187783125084908,1
1,0.8,1.4,0.7396786045156021,7.864484863940503,1
1,0.8,1.6,0.4993663673007835,3.8222185326820624,2
1,0.7,3.1,0.9776836722163936,3.7927486684482594,2
1,0.7,1.9,0.7828488078426451,10.668515448700221,0
1,0.6,1.4,0.9858999832889992,11.49443842108415,0
1,0.5,3.1,0.2292443036940299,8.228471643467277,1
1,0.8,3.1,0.07622506699128412,10.50133369038831,0
1,1.0,1.6,0.8421574977771474,8.112993295321731,1
1,1.0,1.7,0.22900003556676646,9.903010511389606,0
1,0.8,3.1,0.917148429546551,7.642308999098026,1
1,0.6,3.1,0.4885205068742922,4.952270690477968,1
1,0.5,1.6,0.7781980982854928,2.9726729359911115,2
1,0.5,1.6,0.13662075670655138,5.240199627237387,1
1,0.8,1.7,0.8750196756533372,7.495001412502724,1
1,1.0,2.2,0.053617069558995034,6.4869690873911425,1
1,0.5,1.4,0.1106101210485522,3.72214990227454,2
1,0.6,1.4,0.4642285966969785,2.3247301051152585,2
1,0.5,3.1,0.11455014281976858,11.7619123852154,0
1,0.6,1.4,0.6703655459966159,1.1385022858956138,2
1,1.0,2.7,0.3850350331521604,1.2285176996703395,2
1,0.7,1.3,0.8856457595937313,13.837364372515033,0
1,0.5,3.1,0.1343683858569232,6.6638946914552495,1
1,0.6,1.6,0.8421923093680304,12.859601814770627,0
1,0.8,1.7,0.8086494442573756,10.416353928505698,0
1,0.6,1.4,0.7250473818046691,4.8686915993952535,1
1,1.0,2.2,0.3521404820986845,1.662557150635794,2
1,0.8,1.7000000000000002,0.6274256334420918,9.297556143156124,0
1,0.5,3.1,0.6557818468365562,0.5145220106406291,2
1,0.6,1.4,0.4290514628419732,5.282820884651219,1
1,0.7,1.6,0.2115279983527692,12.901831084331857,0
1,0.6,1.6,0.7675471300263982,5.8714297089324425,1
1,0.6,1.4,0.9923854394884184,12.349949553148734,0
1,0.8,1.7,0.07025186150829844,5.804894587398278,1
1,1.0,1.7,0.6493007594661601,11.096947675761161,0
1,0.8,1.9,0.5383240562529693,6.856537143797111,1
1,0.5,1.4,0.3047315403495074,8.656285437550322,1
1,0.8,1.6,0.8976188521829016,7.4656768699213085,1
1,0.6,1.7,0.518369462139912,2.946702415789688,2
1,0.7,3.1,0.6645775545521487,4.003162396022808,2
1,0.8,1.9,0.05858992396629355,11.26201229815449,0
1,1.0,2.7,0.4315308877071279,5.544007328060727,1
1,0.6,1.4,0.08413198310787029,3.776642437048415,2
1,0.5,3.1,0.5844633321781503,2.4255070323586296,2
1,0.8,1.4,0.9949180107486869,11.425476117385044,0
1,0.6,1.7,0.5648826559233995,9.273105169054636,0
1,0.7,1.6,0.2665463908625676,11.06981899110504,0
1,0.8,1.6,0.8544574238001907,7.002238590552414,1
1,0.7,1.7000000000000002,0.34493027624861405,2.4476557370508374,2
1,0.7,1.3,0.059432515608458275,0.1176868324473036,2
1,0.7,3.1,0.43431955285196056,10.123856639350443,0
1,0.7,1.7,0.18155257051324186,6.1174950642497326,1
1,1.0,2.2,0.9147868961842534,7.897209844385913,1
1,1.0,2.2,0.6094038277596416,4.7359316806338505,1
1,0.5,3.1,0.5725109332449008,6.113720624691018,1
1,0.5,1.4,0.17990454043010842,1.8137938440501695,2
1,0.8,3.1,0.4619271375098154,7.016868629311316,1
1,0.5,3.1,0.5064990103432055,13.192811958551573,0
1,0.5,1.6,0.7398423315797782,3.5877775005676966,2
1,0.7,1.7000000000000002,0.3783697575038302,2.3347347145436497,2
1,0.7,1.3,0.38806086427098413,3.365479379519454,2
1,0.7,1.7000000000000002,0.4359917522362211,4.007407724451801,2
1,0.6,1.7,0.8596285030569772,4.424796213461587,1
1,0.8,1.9,0.7756147369858838,7.904666814812528,1
1,0.6,1.6,0.50704766421836,5.546487274042689,1
1,1.0,1.7,0.8683923618970348,2.2176090810540496,2
1,1.0,1.6,0.4815051466338663,13.281654593064307,0
1,1.0,2.7,0.7790057597388917,13.331049237513065,0
1,1.0,1.4,0.2720310262937489,11.997929690637202,0
1,0.6,3.1,0.5280670837212507,5.818238851288866,1
1,0.7,3.1,0.9520680927468858,1.94491942809038,2
1,0.8,1.9,0.5522967969366851,12.040000403283017,0
1,0.5,1.4,0.9224163272456888,1.8422368382524428,2
1,0.6,1.7,0.01822027129923121,6.0052260001453295,1
1,0.5,1.6,0.6022766079722812,11.581349825977867,0
1,0.6,1.6,0.8422510170515046,12.186823917909374,0
1,1.0,2.2,0.6512124887420998,11.710046692124305,0
1,0.8,3.1,0.7761819661565447,1.428423042971895,2
1,0.8,1.7000000000000002,0.5593522562924564,3.4217123001184957,2
1,0.6,1.6,0.2148972003300541,2.3601681711995197,2
1,0.8,1.7000000000000002,0.4500401867847159,5.40734232786771,1
1,0.8,1.6,0.12034249218664195,5.779210960598553,1
1,0.5,1.7,0.1579664194649555,5.612422866761184,1
1,0.7,1.3,0.4736694758398076,13.133198091463619,0
1,0.8,1.7000000000000002,0.3517092887306509,0.6864573172762437,2
1,0.8,1.6,0.6406894523421859,9.192558910461276,0
1,0.6,1.4,0.9692069493383234,0.6950946473019524,2
1,0.7,1.9,0.16026979184609727,1.1063967876905991,2
1,0.6,1.6,0.628314500625281,1.055652462780716,2
1,1.0,2.2,0.1564360860918739,0.9953679123010188,2
1,0.5,1.6,0.6734423420068466,9.18897729372773,0
1,0.7,1.3,0.4965717101810307,9.864287721085336,0
1,0.8,1.4,0.3203550661101405,3.5685827436231943,2
1,0.8,1.4,0.8266066087219407,9.64471566586368,0
1,0.8,1.7,0.10237187179739443,9.22127681026983,0
1,0.8,1.7000000000000002,0.9091983890435006,7.6851839273589215,1
1,0.7,3.1,0.7286670457592932,10.480679414371652,0
1,0.6,1.4,0.6647742943822482,8.812670904704959,1
1,0.7,1.7000000000000002,0.1891625588513268,8.026630420926237,1
1,1.0,1.6,0.594369412862762,6.11870094279471,1
1,0.7,1.9,0.4192134912893271,0.5145183015277393,2
1,0.8,1.4,0.4030893515979273,6.6730065216370855,1
1,0.8,3.1,0.9796339983967128,6.936933054579028,1
1,0.7,3.1,0.32007926437388673,6.290126728725016,1
1,0.7,1.7000000000000002,0.884872949380179,10.951626270880151,0
1,0.7,1.3,0.5431022881760865,11.294789397420711,0
1,0.7,1.3,0.7796081695713911,0.1605370755843652,2
1,0.7,1.3,0.5885639055609858,8.431856981719879,1
1,0.7,3.1,0.6003565215072447,7.422523367200206,1
1,1.0,1.7,0.5777407452032799,4.97208958127505,1
1,0.5,3.1,0.08062738673775327,5.650573356017227,1
1,0.5,1.6,0.17601480415179915,4.728614410109712,1
1,0.8,1.6,0.2728272450926741,6.264031961265334,1
1,0.5,1.4,0.2618069355003265,12.85952547477731,0
1,0.5,1.4,0.8497594311415966,6.627684393724978,1
1,0.6,1.4,0.5487235042137205,11.692749554203074,0
1,0.7,1.4,0.6369359550862952,7.859954986009878,1
1,0.6,3.1,0.9256814663346126,13.800518269188581,0
1,0.5,1.7,0.7799996318180176,12.84194825260099,0
1,0.6,1.7,0.7490866577310772,3.1487042703159247,2
1,0.8,1.9,0.31032296089185923,0.3995097270172791,2
1,0.8,1.9,0.28117555529388033,5.983563609560206,1
1,0.8,3.1,0.13477107823943602,12.532156254266772,0
1,0.5,1.7,0.4464962175555435,10.025037219542423,0
1,0.6,1.6,0.4646794200946032,10.500005395351176,0
1,0.5,3.1,0.7619279416259925,12.337026759086529,0
1,1.0,2.2,0.2810192125993116,6.869389099346678,1
1,0.6,1.6,0.3919300338593911,10.646584107656654,0
1,0.8,1.7,0.30458862220911803,8.017281345124584,1
1,1.0,2.2,0.18285406192881626,11.3452373311209,0
1,0.6,3.1,0.10605830428307024,5.429846140926106,1
1,0.5,1.4,0.23889799022024405,4.4194230181252925,1
1,0.6,1.4,0.8338887821406521,6.573400688484697,1
1,0.6,3.1,0.3560312279753998,11.498448832490055,0
1,0.8,1.3,0.8501476791957846,4.125559215537684,2
1,0.6,1.4,0.14852674201191438,2.718907807548235,2
1,1.0,2.2,0.9227970438590308,1.855762899877347,2
1,0.6,3.1,0.9020450293293212,12.315671579808786,0
1,0.6,1.7,0.7237130883993441,1.1741481598711463,2
1,0.7,1.7000000000000002,0.6272993152974211,5.151538238966583,1
1,0.8,3.1,0.39599467850667797,13.671634953272136,0
1,0.5,1.4,0.9404136357989592,1.3916201520743017,2
1,0.8,1.3,0.3386088473209167,5.397035657985637,1
1,1.0,2.7,0.4093878676956362,13.838674679159226,0
1,1.0,2.2,0.08174580734788743,5.059329320659924,1
1,0.5,3.1,0.06263586839944489,12.982916044296038,0
1,1.0,1.7,0.491472310906325,2.350314051651438,2
1,0.7,1.7000000000000002,0.927962715949576,6.9152368608455825,1
1,1.0,2.2,0.3167104282459222,4.100779728197876,2
1,0.7,1.6,0.569073224759885,1.4313057507170568,2
1,0.7,1.9,0.5986649420185911,9.651204811786883,0
1,0.5,1.7,0.3023338942244165,10.080713005872816,0
1,0.8,1.3,0.5350163898213889,8.149982972896261,1
1,0.6,1.6,0.23638402273308246,1.4503750322234348,2
1,1.0,2.2,0.12336626246839087,7.947590495131429,1
1,0.6,3.1,0.3315539088397592,10.953073692064416,0
1,1.0,1.4,0.6472519060887643,8.896853419921246,1
1,0.6,1.4,0.7841621569077242,11.992273611807251,0
1,0.7,3.1,0.4455275820654014,4.872637343538885,1
1,1.0,1.4,0.4889827291822744,9.612266182007746,0
1,0.6,1.4,0.9638398587031616,2.642842485511528,2
1,0.6,1.4,0.31870476724285124,13.07120547278789,0
1,1.0,2.2,0.4332486884952839,10.252512696765434,0
1,0.8,1.3,0.5148824224742493,5.526430023244855,1
1,0.8,3.1,0.6138450484945243,10.870638347773097,0
1,1.0,2.2,0.18163025856789364,13.669246061132554,0
1,0.7,1.7000000000000002,0.5998740181267211,6.843079381920355,1
1,0.5,1.6,0.11877525194096955,6.385288838218488,1
1,0.7,1.3,0.22357728573366634,7.274071989441204,1
1,0.7,1.6,0.03971728818588106,8.214445909233687,1
1,0.8,1.4,0.7301764441034211,13.974011402731655,0
1,1.0,2.2,0.05572292576714077,1.5985573694631012,2
1,0.5,1.4,0.21773741359086848,7.0217330339726844,1
1,0.6,1.7,0.11687592583578847,10.183026209641737,0
1,0.5,1.4,0.02942086918873899,5.2291532221118935,1
1,1.0,2.2,0.02715437875449621,3.91838789276496,2
1,0.7,1.4,0.4824054411294176,13.374042824631665,0
1,1.0,2.2,0.3443943589732104,2.0043413992955124,2
1,0.5,1.6,0.1715890319269342,3.7667317497310115,2
1,0.7,1.6,0.7538728782802877,11.339843195892387,0
1,0.6,1.7,0.471416748960163,4.004331486085136,2
1,0.6,3.1,0.4364725304700315,5.025152302580421,1
1,0.5,1.4,0.729557051082297,7.389635621284508,1
1,1.0,2.7,0.5965370592006634,5.291138057109653,1
1,0.6,1.6,0.8334775456537584,5.987115982744022,1
1,0.7,1.7000000000000002,0.2890457786724012,2.1134753454628337,2
1,0.5,1.4,0.8015072350854492,6.390694899906434,1
1,0.8,1.4,0.9406686229557618,4.065624213112871,2
1,0.5,1.6,0.34690893216997737,11.974986481484274,0
1,0.6,1.6,0.28974260086336423,5.11066126772022,1
1,0.7,1.7000000000000002,0.6266115453757546,3.6501039474776698,2
1,0.8,3.1,0.7922068744987133,8.09450470199968,1
1,0.8,3.1,0.8175801956563481,7.341747429180621,1
1,0.5,1.6,0.23741503583749998,0.7874213384417438,2
1,1.0,2.7,0.5052022226798907,8.829385846462475,1
1,0.7,1.7,0.7235920906611033,7.698034102734852,1
1,0.8,1.3,0.9057002193011954,12.56957930830904,0
1,0.6,1.6,0.3116461793471222,5.631156290731977,1
1,1.0,1.7,0.4989243445840805,8.569727856002295,1
1,0.5,1.4,0.09692823313463632,10.828271605086034,0
1,0.7,1.3,0.16625197513439435,6.776931491956817,1
1,0.8,1.7,0.18019046940310854,7.645311089145008,1
1,0.6,1.4,0.24095861435896085,3.0409240002595785,2
1,0.5,1.4,0.9385753250210056,4.775604972045534,1
1,0.6,1.4,0.2310604865842497,0.06328582723818861,2
1,0.7,3.1,0.5574831479821667,10.603254193784435,0
1,1.0,1.4,0.08765350337968045,11.30792707219393,0
1,0.5,1.6,0.5516197409673863,5.5865177419807255,1
1,0.6,1.4,0.2032696107543548,3.2517588285755354,2
1,1.0,1.7,0.4100844986231972,3.9931462007914433,2
1,0.8,3.1,0.7208105216007209,13.414369726557991,0
1,1.0,2.7,0.3630629581203441,12.071292643470686,0
1,0.8,1.7,0.8149901432249397,11.933840062236689,0
1,0.7,1.7000000000000002,0.2043751882242412,13.192304435510307,0
1,0.6,1.4,0.0614594302417959,5.162612096975812,1
1,0.7,1.7000000000000002,0.01657727354317346,7.990338838016147,1
1,0.8,1.4,0.11269722744671055,12.364673476782901,0
1,0.7,1.9,0.6856085050149453,4.927149801253432,1
1,0.6,1.4,0.2329408556497761,11.835450377664726,0
1,0.7,1.7000000000000002,0.7228592830830491,1.6711223487456737,2
1,0.7,3.1,0.7981715356312309,1.8270169895950563,2
1,0.5,3.1,0.9656215017635535,5.238511333396901,1
1,0.5,1.4,0.37058438318302095,1.9015247669808129,2
1,0.6,1.7,0.6638129937668703,12.107138090892414,0
1,0.7,1.3,0.10117148312300728,8.029698517343922,1
1,0.8,1.4,0.9678672692322028,4.6862859601194655,1
1,0.7,1.7000000000000002,0.7085696089321171,13.456773489987244,0
1,0.6,3.1,0.6904622003721852,9.183137200685387,0
1,0.5,3.1,0.9816123634529386,9.07913178309097,0
1,0.7,1.7000000000000002,0.03849174055228413,3.58485438267968,2
1,0.5,1.4,0.06647569566602253,9.486703631370421,0
1,0.6,1.7,0.8248195293098846,12.811226093759773,0
1,0.5,1.4,0.8870260410591526,3.0074781740536043,2
1,0.7,1.7,0.4144870878703388,7.923658339301517,1
1,0.6,1.6,0.5987255738435109,5.531413421054116,1
1,0.7,3.1,0.31146932466171146,2.7910388898093057,2
1,0.8,1.6,0.8694856426257798,1.3178697854210748,2
1,0.7,1.9,0.3270674201998288,6.876720946176037,1
1,1.0,2.2,0.9245922591852616,9.312997686820717,0
1,1.0,2.7,0.2604342995753073,1.2493297625545627,2
1,0.6,1.6,0.864543249424449,12.70100331457508,0
1,0.7,1.9,0.08672980963203157,10.09711911290526,0
1,0.6,1.4,0.3320873253103397,10.259047940869948,0
1,1.0,2.2,0.6948660502098881,11.475200971822613,0
1,1.0,1.7,0.0940397114661281,4.086226395099737,2
1,0.5,1.7,0.2516369702043469,2.090968831161425,2
1,0.6,1.4,0.27105950500079584,0.8627433698831939,2
1,0.6,1.7,0.6699258150549925,3.5681566115262315,2
1,1.0,1.6,0.14468863526617562,12.921389381223099,0
1,0.5,1.7,0.5771478408822543,4.494789590495283,1
1,0.6,1.4,0.20632064159908667,2.108640473020151,2
1,0.7,1.3,0.0890544100749894,1.1959982027124254,2
1,0.6,1.4,0.9678480531270284,6.24441333346318,1
1,1.0,1.6,0.047415518283158486,8.812117039229555,1
1,1.0,1.7,0.18551579291976766,8.801607552117115,1
1,0.5,1.7,0.473724442643419,13.217608264901685,0
1,1.0,2.2,0.22391300883965728,8.776714001431849,1
1,0.8,1.7000000000000002,0.3943254555318793,10.759321355695944,0
1,0.7,1.3,0.8494506112251305,7.841557812439662,1
1,0.8,3.1,0.7911752898783568,1.3070038815006886,2
1,0.6,1.7,0.06482737450891081,10.349053462557247,0
1,0.7,1.7000000000000002,0.4809410458640328,10.93401314374182,0
1,0.7,1.7,0.5228560242567915,4.30717354285728,2
1,0.5,1.4,0.2454686810689767,5.212728951491696,1
1,1.0,2.7,0.5528036403299958,12.628825177915035,0
1,0.5,3.1,0.4714058162076262,5.835988214039916,1
1,0.8,1.7,0.3633441942769722,2.235874973534734,2
1,0.5,1.4,0.16207479354854404,11.270012294118192,0
1,0.6,1.4,0.7680638231938341,1.7977655485880748,2
1,1.0,2.2,0.4795192946827728,10.991184069960966,0
1,0.5,3.1,0.8200722436881325,9.29859683317194,0
1,0.7,1.7,0.1290807400471521,1.2182696081002045,2
1,1.0,1.7,0.8636693548117271,0.12672126759908306,2
1,0.8,1.4,0.10019223862123312,5.7552005541755875,1
1,1.0,1.4,0.4494947066854996,7.389824396404138,1
1,0.7,1.3,0.8745042961442873,5.282066099582651,1
1,0.6,1.4,0.6258296497792133,4.914166218719603,1
1,0.8,1.9,0.7440869070884178,0.27532722375842444,2
1,0.8,1.3,0.16706456998099953,9.627273869734749,0
1,1.0,2.2,0.7374504422476819,11.36811710543881,0
1,0.7,1.7000000000000002,0.5974578437543805,1.787702910136643,2
1,1.0,2.2,0.9706468458923679,7.683691883778223,1
1,0.7,1.3,0.914806265294028,0.6699062127873197,2
1,0.6,3.1,0.3390066791349142,3.5125024918891348,2
1,1.0,2.2,0.014164264625596546,14.009488350769086,0
1,0.6,1.7,0.4050682896377087,2.7394585014251605,2
1,0.5,1.4,0.4477640482340471,4.3810124870116685,2
1,0.5,1.4,0.07017395180185937,12.559780101835644,0
1,0.6,1.6,0.2298732092417908,8.41136059604113,1
1,0.6,3.1,0.3818633067034442,0.6881068879463654,2
1,1.0,2.2,0.9550085163117068,2.8754205260333134,2
1,0.8,1.7000000000000002,0.8780637067145268,12.014484755925546,0
1,0.8,1.7000000000000002,0.24818786011014296,11.283971435254497,0
1,0.7,1.4,0.7212395380560541,12.762321004332913,0
1,0.6,1.7,0.4873177315387451,8.702835546832649,1
1,0.8,1.4,0.8301614666398737,6.731549728218552,1
1,0.6,1.6,0.3454052848685177,9.955603006562146,0
1,0.7,1.7000000000000002,0.6744336669729026,12.876722953026945,0
1,0.6,1.6,0.3435451767089128,11.332080493039859,0
1,0.5,1.4,0.06134674582522244,3.458809644992524,2
1,1.0,1.7,0.3474698161772299,10.905995631591649,0
1,0.8,1.7000000000000002,0.30400875806487,0.04434070624499694,2
1,1.0,2.2,0.39080317604162335,3.422310031125393,2
1,1.0,2.2,0.21966591396048973,2.6682270155515693,2
1,0.8,1.4,0.607277232445432,0.11547072024889783,2
1,0.7,1.9,0.3964465439946757,0.7768129499039392,2
1,1.0,1.7,0.6975432807991552,7.433714447071661,1
1,1.0,2.2,0.8529113779653107,0.8879733346411225,2
1,0.5,1.7,0.15343458430760087,3.4823262591201365,2
1,0.5,1.4,0.450494376766188,12.134037017199367,0
1,1.0,2.2,0.609036092403061,11.300044283774135,0
1,1.0,1.7,0.662845244069953,13.394819291003882,0
1,0.5,1.6,0.17999524591352564,6.326916008444271,1
1,0.5,1.4,0.7452871000943144,6.410091495878207,1
1,0.6,3.1,0.9229443525716372,4.1786790354416485,2
1,0.5,3.1,0.3713319538452273,3.1955094261513945,2
1,1.0,1.6,0.9363798247144696,9.228753416705263,0
1,0.6,1.4,0.6937250259216791,10.034508253406996,0
1,0.6,1.6,0.9142068971990116,6.9939216241269415,1
1,1.0,2.7,0.2992968125887419,10.296184476784116,0
1,0.5,1.4,0.8731089694194871,12.984890625186098,0
1,0.5,1.4,0.914462238600214,3.9388655773861294,2
1,0.8,1.7,0.7341235859322109,4.2027592932998905,2
2,0.5,0.6,0.4286622473964965,11.550796274467249,0
2,1.0,1.0,0.8990373100513167,9.088648207364344,0
2,0.5,0.4,0.15795885987021746,3.011535125895901,2
2,0.6,0.6,0.2312831644525301,6.478507186189722,1
2,0.8,0.4,0.04042274216361113,10.008367938895832,0
2,0.6,0.7,0.5534466750638415,3.808266079691833,2
2,0.5,0.4,0.5697197015711275,6.427162416878632,1
2,0.7,0.7,0.5099744307486046,5.749077552761217,1
2,0.5,0.6,0.08001896980953002,1.3764555369485552,2
2,0.7,0.7,0.7459801931918542,13.067163360128536,0
2,0.7,0.4,0.7381053011347093,9.525225673122996,0
2,0.8,0.4,0.9411579201315272,13.18229315177549,0
2,1.0,1.0,0.33869402334062704,5.60329095348778,1
2,1.0,0.7,0.6844585732616345,8.132727988824598,1
2,1.0,0.5,0.3091728577446622,10.504540319843226,0
2,0.7,0.4,0.22083879848487392,3.6010600690373638,2
2,0.7,0.7,0.5590778339387023,0.34800024817335906,2
2,0.8,0.4,0.512389601939656,2.740118162105273,2
2,0.8,0.4,0.15032453958984132,7.489096198794647,1
2,0.7,0.6,0.525902592474611,7.258238525948635,1
2,0.5,0.6,0.9118751782786838,1.5277242747294788,2
2,0.5,0.6,0.6295423906207278,6.8366655254394475,1
2,0.7,0.6,0.18144836445097048,0.9333439518664172,2
2,0.7,0.5,0.9105479854734542,5.0018572653087725,1
2,0.6,0.6,0.0408356470095762,8.508123447797855,1
2,0.8,1.0,0.06957878272085401,6.3888127961313135,1
2,0.7,0.6,0.7579748015042717,9.250771964046931,0
2,0.7,0.6,0.7926940195012834,0.34741642834955244,2
2,0.5,0.4,0.2191837202919691,4.051256863989263,2
2,1.0,1.0,0.16559763441229325,5.412074518177088,1
2,0.8,0.4,0.184150595028341,0.6142327142118158,2
2,0.8,1.0,0.3638496625555273,12.62670144853306,0
2,0.8,0.4,0.2313978809321732,10.702893132787477,0
2,0.8,0.4,0.7532604242859854,5.522737679172996,1
2,0.8,0.4,0.13391686307961065,6.1628716854670476,1
2,1.0,0.7,0.19220692506149106,7.188010140101692,1
2,0.5,0.4,0.16710723313024786,11.862401621007118,0
2,1.0,0.5,0.42406860426656745,7.225002506540999,1
2,1.0,0.7,0.7153371394887583,1.717805144347123,2
2,0.8,1.0,0.6954476981516293,0.7369139900529571,2
2,0.5,0.4,0.015011973810643555,10.74156978639688,0
2,1.0,0.8,0.7744723943810359,11.781027800327365,0
2,1.0,0.7,0.011528979345112256,9.135255009898792,0
2,1.0,0.8,0.4797307879048683,1.29698470613099,2
2,0.7,0.5,0.8823346396500403,13.99309043940541,0
2,1.0,0.5,0.7168079836847507,9.256626702921944,0
2,0.6,0.7,0.8332667586934889,8.366410300447033,1
2,1.0,0.5,0.9709160726350268,8.727163412618124,1
2,0.5,0.4,0.3810127184732521,1.4938409330339977,2
2,0.5,0.6,0.7190800950148497,11.328363773837124,0
2,1.0,0.9,0.2578024685428667,7.012292119640748,1
2,1.0,0.6,0.1929171263347861,2.6855733544241045,2
2,0.7,0.5,0.6441937486440293,6.550665581654772,1
2,0.5,0.4,0.4142436909303861,5.332795866566238,1
2,0.7,0.4,0.4860020318590195,11.033318278669237,0
2,0.5,0.4,0.2653605004887703,6.160574898199831,1
2,0.6,0.6,0.05453823442166514,9.23421227207134,0
2,0.5,0.6,0.5902006382316088,2.6826929310794623,2
2,0.8,1.0,0.9014369227276908,7.005901305671314,1
2,0.8,0.4,0.6501176325685332,6.145047943411994,1
2,0.7,0.7,0.05657255722064719,3.379950059602471,2
2,1.0,0.9,0.6721736611050669,0.7928392037628738,2
2,0.6,0.7,0.8514000116517227,3.3510750144235497,2
2,0.5,0.4,0.8811831504466926,10.085418425234208,0
2,0.7,0.5,0.8121472542700738,0.9277870691855736,2
2,0.5,0.4,0.7682834963965077,11.244206859421196,0
2,1.0,1.0,0.062494918120921374,9.90071046100591,0
2,0.5,0.4,0.6816064667402411,2.7125868656434577,2
2,0.8,1.0,0.5337885048322403,11.096479630715683,0
2,1.0,1.0,0.804020196610058,13.318914537629006,0
2,0.7,0.5,0.6062799463364761,9.823014040243242,0
2,0.5,0.6,0.13055513669018046,9.481965573968832,0
2,0.6,0.7,0.6898261118868393,7.2986517789344525,1
2,0.6,0.6,0.3546264070505625,1.2328916910126269,2
2,0.7,0.6,0.1461756602692619,10.018191121378537,0
2,0.5,0.6,0.35244992804769204,5.31250052985714,1
2,0.5,0.4,0.9350854668814506,5.2393870559893205,1
2,0.7,0.6,0.7264976497160941,8.468380537199677,1
2,0.8,1.0,0.08401214448238657,4.87477964947934,1
2,0.8,1.0,0.3209918968363565,9.73581258265742,0
2,0.6,0.6,0.8525326976952041,3.754793231342872,2
2,0.7,0.4,0.2502901465169647,6.7412237187917246,1
2,0.8,1.0,0.5867531787167082,2.2413619828738884,2
2,0.8,0.4,0.6319666153191622,12.800220315659006,0
2,0.8,1.0,0.07955475692926282,9.686247782396858,0
2,1.0,0.6,0.3753300308013336,0.07537493504601175,2
2,0.7,0.7,0.7468274166785676,7.549353579742423,1
2,1.0,0.7,0.5779224320619375,4.997670348773445,1
2,0.6,0.6,0.9002506614155998,8.378543517143415,1
2,0.7,0.4,0.11903640505674135,12.834238411052535,0
2,1.0,0.5,0.4954727199640772,4.308033893867359,2
2,0.5,0.6,0.4309741990520484,7.462021389609661,1
2,0.5,0.4,0.7574432305923767,7.570044355559068,1
2,0.7,0.6,0.5548134214170984,12.629435848873738,0
2,0.5,0.6,0.5220882094807753,8.485552754656737,1
2,0.6,0.6,0.3174822384851147,6.757015064761102,1
2,0.5,0.6,0.8887394202506832,12.203045539074745,0
2,0.6,0.6,0.7855022718391621,4.636267168308351,1
2,0.8,1.0,0.897608597535024,5.60943613131166,1
2,0.5,0.6,0.5174623038561329,4.296227858534744,2
2,0.7,0.7,0.9054490491467873,12.096643055105211,0
2,0.5,0.4,0.9474757323945896,10.201313698213387,0
2,0.5,0.6,0.6912896663445696,13.471468321876804,0
2,0.8,1.0,0.8855899288350231,9.891467611362444,0
2,0.5,0.6,0.7637778202249347,0.8788226163317481,2
2,0.5,0.4,0.8769532738341307,4.95872992659455,1
2,0.7,0.7,0.6506579867009811,9.682901023432283,0
2,0.6,0.6,0.4261793625172922,13.720066611032092,0
2,0.5,0.6,0.14545596787099752,5.483677950583288,1
2,0.8,0.4,0.10845423049777148,3.2398514175165034,2
2,1.0,0.8,0.8575113336174877,5.334267315438621,1
2,0.7,0.4,0.05141607772279872,12.283835084851832,0
2,1.0,0.5,0.9811035233203541,6.538207955467048,1
2,0.5,0.4,0.8303386792037305,13.886499187194955,0
2,0.7,0.7,0.034196898979105,3.3222877348770625,2
2,0.6,0.6,0.7423690433083279,12.008071286854134,0
2,0.7,0.4,0.7323684576246999,11.654100714551305,0
2,0.5,0.6,0.619960719480322,10.729660223193322,0
2,1.0,0.9,0.04832424537486155,1.964166200717544,2
2,1.0,1.0,0.2724278577005533,6.891153609921907,1
2,0.5,0.6,0.6762561683385988,0.7839247443519178,2
2,0.6,0.6,0.34388074561109044,12.027173353291635,0
2,0.5,0.6,0.2269772149707009,9.250308529997932,0
2,0.6,0.7,0.5523305240276668,12.33416662854432,0
2,0.7,0.6,0.5389436253832174,12.48133719576773,0
2,0.5,0.6,0.246800384506922,2.040344588801064,2
2,1.0,0.9,0.4512629879698359,8.986100518571655,1
2,0.8,0.4,0.9122168620205297,2.8956820775241834,2
2,0.6,0.7,0.8981125239897458,9.584419237600184,0
2,0.7,0.5,0.07414610340060299,0.3136107340016886,2
2,0.5,0.4,0.5763110433996718,10.320092279652672,0
2,0.8,0.4,0.11767807638425247,7.162323807222227,1
2,0.5,0.6,0.7951996239407723,0.08299330546135818,2
2,0.7,0.4,0.4768406369062569,10.040600844893202,0
2,0.5,0.6,0.6447686229383561,6.2805750504490145,1
2,1.0,1.0,0.8168399841221476,11.91251215311613,0
2,0.8,0.4,0.4803589618103921,3.215852489607129,2
2,0.8,1.0,0.2040390513494574,13.657092690424655,0
2,0.5,0.4,0.8952618119214134,7.842314463397457,1
2,0.5,0.4,0.9950248756218906,0.8009306197959036,2
2,0.7,0.4,0.17383523935782322,5.6666960725101685,1
2,1.0,0.5,0.8619035589764192,9.766298466028953,0
2,1.0,0.5,0.6840240198343275,7.952078010246856,1
2,0.8,0.4,0.7946080946955092,5.378460357377627,1
2,0.7,0.7,0.23319283189500215,3.5246680165293167,2
2,0.7,0.7,0.8612026888343877,11.014420822457595,0
2,1.0,0.5,0.6150345067060299,10.55644433841883,0
2,0.8,0.4,0.7819346012592946,13.527077107358014,0
2,0.8,1.0,0.6835584137278642,10.146026891557486,0
2,1.0,0.7,0.8417541177861797,11.278389329571054,0
2,0.7,0.4,0.8958437800310511,13.687968264571927,0
2,1.0,0.5,0.5109555815593929,1.0387150638680795,2
2,0.8,1.0,0.6699697460163663,6.343625189003907,1
2,0.5,0.4,0.5806033464935884,11.85678901850585,0
2,0.6,0.7,0.20525807217823733,3.4690449811854505,2
2,1.0,1.0,0.8082800535016776,5.473510342683006,1
2,0.6,0.6,0.8543034457306321,3.8247795438734595,2
2,0.6,0.7,0.3701243892493655,10.269529540249804,0
2,0.5,0.6,0.2955112137911047,5.784436795738842,1
2,0.5,0.6,0.6366413173869742,9.305071083823606,0
2,0.7,0.5,0.0971531065314742,0.26760115343395946,2
2,1.0,0.8,0.8429017920119056,1.674756410382079,2
2,1.0,0.6,0.3659614312955791,10.76541108934575,0
2,0.6,0.6,0.9497064173083426,2.133880610895547,2
2,0.5,0.4,0.7995389402442604,7.488280646081686,1
2,0.8,1.0,0.4636095470558356,1.0837684932247669,2
2,0.7,0.5,0.13216316595762906,4.7147637162340565,1
2,0.7,0.4,0.4895836158298666,1.0574978070416057,2
2,0.8,0.4,0.20990102049373896,2.473546027556191,2
2,0.5,0.4,0.06889537740485117,12.922070100641095,0
2,0.8,0.4,0.9678020521367736,9.195216356674,0
2,0.5,0.4,0.9430953815594384,9.423634795409699,0
2,0.8,1.0,0.37303153693865815,3.7153995303192784,2
2,0.6,0.7,0.5262480063906234,5.828614088087084,1
2,0.5,0.6,0.8746832577037859,13.28455580892894,0
2,1.0,0.9,0.10111715193386266,5.261930927797624,1
2,0.6,0.7,0.8648321660087316,8.533074758584357,1
2,0.8,0.4,0.8458181589451559,5.5230263655793586,1
2,0.5,0.6,0.8778247699183264,10.54798492487572,0
2,0.6,0.6,0.3627221179683562,10.764733349671584,0
2,0.8,1.0,0.6161321210050069,8.914440747096362,1
2,0.6,0.6,0.5145339918515347,3.9936643733175563,2
2,0.5,0.4,0.5919405892965371,3.7895739564906634,2
2,0.6,0.7,0.8439023310122046,11.194301497604695,0
2,0.5,0.4,0.02281591289779299,13.032600877112133,0
2,0.7,0.5,0.4066307669641202,0.7314240103260194,2
2,0.5,0.6,0.7555467385667451,8.219873694302635,1
2,0.5,0.6,0.06581760869881073,7.268607390711256,1
2,1.0,0.5,0.5153583525431388,7.556970774788319,1
2,0.8,1.0,0.2766184971320336,6.894415448878683,1
2,0.8,0.4,0.9176780952727176,8.225127512096146,1
2,0.5,0.4,0.3422741405842121,5.317894699792171,1
2,1.0,0.8,0.059329924686993024,11.567390201771884,0
2,0.5,0.4,0.365214295611883,1.1314671739475934,2
2,1.0,0.9,0.3434297794879914,11.11527196866292,0
2,0.7,0.4,0.05620037305917052,13.26944782582202,0
2,0.8,0.4,0.0947765593752709,13.761059758297053,0
2,0.7,0.4,0.9660775120942888,4.576047111450845,1
2,0.7,0.5,0.4822563877948622,1.4310182239074816,2
2,1.0,0.5,0.2698015639221387,11.478797044249127,0
2,1.0,0.9,0.24129796097067024,6.316034666780517,1
2,1.0,0.9,0.7614850100708459,12.138304439453025,0
2,0.5,0.4,0.1272688919467645,12.71715404687166,0
2,0.6,0.7,0.34661499622225395,13.193999897724627,0
2,0.6,0.7,0.8391784178458216,6.2818330586829765,1
2,0.7,0.4,0.6936658213376335,1.6509830836586263,2
2,0.7,0.4,0.05497676090939722,0.6358954144380162,2
2,0.6,0.7,0.6441632774710851,12.398459333078756,0
2,1.0,0.5,0.3194601946466968,3.8976622066833793,2
2,1.0,1.0,0.8765425461700311,4.2191630032411735,2
2,0.8,0.4,0.6349048696659455,0.061844535816620985,2
2,0.6,0.7,0.09433925746013797,7.257779023691446,1
2,1.0,0.5,0.013499808534611059,2.032430502836411,2
2,0.7,0.4,0.14659016827791047,4.924429965099011,1
2,0.7,0.4,0.2592603749425869,5.9040677071488075,1
2,0.6,0.7,0.7311635304638707,2.311183703185217,2
2,0.5,0.6,0.5532296010213941,9.651990330944274,0
2,0.6,0.7,0.5181520703783075,1.2621238312735858,2
2,0.7,0.4,0.7336563696766404,3.9863861174884936,2
2,0.8,0.4,0.2628055221564652,0.15183774499327293,2
2,0.6,0.7,0.3035855651231941,1.3716500587272635,2
2,0.7,0.4,0.3456865789970037,5.6643847236341465,1
2,0.6,0.7,0.9090909090909092,7.419574567982182,1
2,0.5,0.4,0.9183486600938824,6.264192817519647,1
2,0.5,0.6,0.9289030009823036,3.8919058316207598,2
2,1.0,0.6,0.17893238609782267,0.03742810677818075,2
2,0.8,0.4,0.9604419238236376,8.004501534566321,1
2,0.7,0.4,0.24085168554780495,4.706168934638466,1
2,0.7,0.4,0.94854493422072,0.2896370917134915,2
2,0.7,0.4,0.311261066871625,6.075993815869023,1
2,0.8,0.4,0.5904175790693841,12.031746158629375,0
2,0.5,0.4,0.34160914401531195,7.31806499458437,1
2,0.6,0.7,0.4925747684863361,8.818227973941204,1
2,0.8,0.4,0.01679253434877629,3.4127519632475822,2
2,0.8,0.4,0.7843559002398233,8.781452207769428,1
2,0.5,0.6,0.13393306313055126,4.776410582958377,1
2,1.0,0.9,0.3296164336158716,8.02011993702255,1
2,1.0,0.6,0.7783044220226126,5.382334743724358,1
2,1.0,0.5,0.1714390431348259,2.70298513254739,2
2,0.5,0.4,0.05198347904368414,0.9611247903316454,2
2,1.0,0.7,0.24613858396149704,2.2044070568505503,2
2,0.6,0.7,0.3100617792396711,8.733141038248318,1
2,1.0,0.6,0.4874008022928949,12.502455421094064,0
2,0.5,0.6,0.7329901585235251,13.747344356619784,0
2,1.0,0.9,0.8925971383951853,4.2930581632866165,2
2,0.7,0.7,0.5003667890093977,2.4448956059426874,2
2,1.0,1.0,0.7331467590794027,9.912310800980944,0
2,0.8,0.4,0.9562922802129404,1.162791910360041,2
2,0.8,0.4,0.35172603036754113,4.118670077175033,2
2,0.7,0.4,0.9465141116190112,3.5249525626499847,2
2,1.0,0.5,0.4820660880479181,4.602464648668309,1
2,0.6,0.7,0.028628909632191002,13.886327880490557,0
2,0.5,0.4,0.5720009847707763,9.593920740990859,0
2,0.7,0.7,0.022233261660116518,1.2753038153879444,2
2,0.7,0.7,0.1469955271800649,1.4218903094726598,2
2,1.0,1.0,0.8349120649078955,12.330176944796655,0
2,0.7,0.4,0.12058358500405182,2.6818983027123857,2
2,0.6,0.7,0.8822864895244045,5.996210186029665,1
2,0.7,0.4,0.5144495840583516,6.065368461801009,1
2,0.7,0.7,0.19195371850193516,11.460382623989508,0
2,0.8,0.4,0.5755025064590934,5.022572529621384,1
2,0.5,0.6,0.43541140707382997,0.3665647539305219,2
2,1.0,0.7,0.12650366413369973,7.162085259553454,1
2,0.7,0.4,0.3387551220868764,7.94892694974352,1
2,0.7,0.4,0.03690308444566679,11.53628244387856,0
2,0.5,0.4,0.015202744372861081,9.793017994412487,0
2,0.5,0.6,0.08657061395591617,13.336140994583259,0
2,0.8,0.4,0.9670993304501716,12.73915853507354,0
2,1.0,1.0,0.3273021501198408,3.4633799387324418,2
2,0.5,0.6,0.6634398858218205,1.3130929794537618,2
2,0.7,0.4,0.5418417222457994,5.552652615964871,1
2,0.8,0.4,0.8263794772807246,0.2380552176419271,2
2,1.0,0.6,0.4270169472638608,10.427852564659972,0
2,1.0,0.8,0.389929191193093,4.744439085521603,1
2,1.0,0.5,0.6050209558075993,10.745763874431722,0
2,0.8,0.4,0.958233732066271,10.957960372367001,0
2,0.6,0.7,0.011954593778425122,0.5646849456605731,2
2,0.8,0.4,0.7381443136735241,7.565270096828737,1
2,0.5,0.6,0.31832012141683336,2.9985348896457347,2
2,0.7,0.7,0.7712154526345699,13.926717991295344,0
2,0.8,0.4,0.5222154279557598,3.1156086284978652,2
2,0.5,0.4,0.2135823246386244,0.2966543708697977,2
2,0.8,0.4,0.010188776017392159,13.998983388039004,0
2,0.5,0.6,0.5528992876145512,3.7296259197446853,2
2,0.6,0.7,0.16682845496215612,1.8974908980762264,2
2,0.6,0.7,0.6002767579391735,6.647255168242829,1
2,0.5,0.6,0.042362336328902704,7.607999359544023,1
2,0.6,0.7,0.7986407292486895,4.474359183487622,1
2,0.5,0.4,0.8872999744982184,13.205720504843265,0
2,0.6,0.7,0.20756014393592773,5.319511193938661,1
2,0.5,0.4,0.7963508796406241,13.745638643259028,0
2,0.7,0.7,0.7156109870728006,1.9010043011410331,2
2,0.8,0.4,0.6754578456751091,5.891622014811242,1
2,0.8,0.4,0.5352975554305887,2.5625822963097318,2
2,1.0,1.0,0.8248762882366351,3.0003284769746985,2
2,1.0,1.0,0.7359181141402008,13.179045036333244,0
2,0.7,0.4,0.13250079132651085,5.557264632648726,1
2,1.0,0.6,0.907426903973926,8.917072490549403,1
2,0.5,0.6,0.21193411155472575,8.423857013222994,1
2,0.7,0.4,0.14615390117354726,6.769497506842315,1
