{"bug_logs": {"num_rows": 24, "sensitivity": 0.6, "columns": ["bug_id", "description", "employee_id", "project_id", "reported_date", "severity", "status"], "table_mappings": ["projects"]}, "code_repo": {"num_rows": 10, "sensitivity": 0.7, "columns": ["last_commit_date", "project_id", "repository_id", "repository_name", "repository_url"], "table_mappings": ["projects"]}, "employee": {"num_rows": 117, "sensitivity": 0.5, "columns": ["department_id", "email", "employee_id", "name", "phone_number", "position", "salary"], "table_mappings": ["project_tasks", "users", "permissions"]}, "permissions": {"num_rows": 39, "sensitivity": 0.8, "columns": ["delete_access", "permission_id", "read_access", "role_name", "table_name", "write_access"], "table_mappings": ["users", "employee"]}, "project_tasks": {"num_rows": 100, "sensitivity": 0.4, "columns": ["description", "due_date", "employee_id", "project_id", "start_date", "status", "task_id"], "table_mappings": ["projects", "employee"]}, "projects": {"num_rows": 10, "sensitivity": 1.0, "columns": ["description", "expected_end_date", "name", "project_id", "start_date", "status"], "table_mappings": ["code_repo", "project_tasks", "bug_logs", "test_cases"]}, "test_cases": {"num_rows": 200, "sensitivity": 0.4, "columns": ["description", "project_id", "result", "test_case_id"], "table_mappings": ["projects"]}, "users": {"num_rows": 117, "sensitivity": 0.9, "columns": ["active_status", "email", "last_login", "password", "role_name", "user_id", "username"], "table_mappings": ["permissions", "employee"]}}