Timestamp,value
14-02-2014 14:27,51.846
14-02-2014 14:32,44.508
14-02-2014 14:37,41.244
14-02-2014 14:42,48.568
14-02-2014 14:47,46.714
14-02-2014 14:52,44.986
14-02-2014 14:57,49.108
14-02-2014 15:02,40.47
14-02-2014 15:07,53.404
14-02-2014 15:12,45.4
14-02-2014 15:17,43.216
14-02-2014 15:22,49.72
14-02-2014 15:27,46.37
14-02-2014 15:32,43.756
14-02-2014 15:37,47.582
14-02-2014 15:42,40.738
14-02-2014 15:47,51.216
14-02-2014 15:52,46.314
14-02-2014 15:57,45
14-02-2014 16:02,50.224
14-02-2014 16:07,48.096
14-02-2014 16:12,43.544
14-02-2014 16:17,48.85
14-02-2014 16:22,40.942
14-02-2014 16:27,52.586
14-02-2014 16:32,45.802
14-02-2014 16:37,43.122
14-02-2014 16:42,50.774
14-02-2014 16:47,46.262
14-02-2014 16:52,43.052
14-02-2014 16:57,50.718
14-02-2014 17:02,45.798
14-02-2014 17:07,46.55
14-02-2014 17:12,48.122
14-02-2014 17:17,40.23
14-02-2014 17:22,52.606
14-02-2014 17:27,44.652
14-02-2014 17:32,42.84
14-02-2014 17:37,49.272
14-02-2014 17:42,47.09
14-02-2014 17:47,45.452
14-02-2014 17:52,46.996
14-02-2014 17:57,43.194
14-02-2014 18:02,52.94
14-02-2014 18:07,47.212
14-02-2014 18:12,43.144
14-02-2014 18:17,50.658
14-02-2014 18:22,46.292
14-02-2014 18:27,45.164
14-02-2014 18:32,47.888
14-02-2014 18:37,41.852
14-02-2014 18:42,53.17
14-02-2014 18:47,44.632
14-02-2014 18:52,43.282
14-02-2014 18:57,53.192
14-02-2014 19:02,45.516
14-02-2014 19:07,47.23
14-02-2014 19:12,46.408
14-02-2014 19:17,40.118
14-02-2014 19:22,52.536
14-02-2014 19:27,45.564
14-02-2014 19:32,43.908
14-02-2014 19:37,48.058
14-02-2014 19:42,45.4
14-02-2014 19:47,45.564
14-02-2014 19:52,53.23
14-02-2014 19:57,46.972
14-02-2014 20:02,52.816
14-02-2014 20:07,49.062
14-02-2014 20:12,46.22
14-02-2014 20:17,50.258
14-02-2014 20:22,47.16
14-02-2014 20:27,45.258
14-02-2014 20:32,49.108
14-02-2014 20:37,40.774
14-02-2014 20:42,52.5
14-02-2014 20:47,45.316
14-02-2014 20:52,41.878
14-02-2014 20:57,51.456
14-02-2014 21:02,46.902
14-02-2014 21:07,46.41
14-02-2014 21:12,47.3
14-02-2014 21:17,40.4
14-02-2014 21:22,52.058
14-02-2014 21:27,47.84
14-02-2014 21:32,42.774
14-02-2014 21:37,50.494
14-02-2014 21:42,45.364
14-02-2014 21:47,43.192
14-02-2014 21:52,48.356
14-02-2014 21:57,47.958
14-02-2014 22:02,44.026
14-02-2014 22:07,49.46
14-02-2014 22:12,47.11
14-02-2014 22:17,44.218
14-02-2014 22:22,47.154
14-02-2014 22:27,41.726
14-02-2014 22:32,53.662
14-02-2014 22:37,46.808
14-02-2014 22:42,44.834
14-02-2014 22:47,49.554
14-02-2014 22:52,45.822
14-02-2014 22:57,46.768
14-02-2014 23:02,50.71
14-02-2014 23:07,43.662
14-02-2014 23:12,53.544
14-02-2014 23:17,46.478
14-02-2014 23:22,43.052
14-02-2014 23:27,49.038
14-02-2014 23:32,46.238
14-02-2014 23:37,44.906
14-02-2014 23:42,48.51
14-02-2014 23:47,40.834
14-02-2014 23:52,52.364
14-02-2014 23:57,47.206
15-02-2014 00:02,43.31
15-02-2014 00:07,53.028
15-02-2014 00:12,46.644
15-02-2014 00:17,46.124
15-02-2014 00:22,47.802
15-02-2014 00:27,41.356
15-02-2014 00:32,52.184
15-02-2014 00:37,45.774
15-02-2014 00:42,42.792
15-02-2014 00:47,49.036
15-02-2014 00:52,45.634
15-02-2014 00:57,46.292
15-02-2014 01:02,46.738
15-02-2014 01:07,43.076
15-02-2014 01:12,51.71
15-02-2014 01:17,44.564
15-02-2014 01:22,42.888
15-02-2014 01:27,48.874
15-02-2014 01:32,45.658
15-02-2014 01:37,44.052
15-02-2014 01:42,47.684
15-02-2014 01:47,40.316
15-02-2014 01:52,52.438
15-02-2014 01:57,46.948
15-02-2014 02:02,43.13
15-02-2014 02:07,51.83
15-02-2014 02:12,46.272
15-02-2014 02:17,46.15
15-02-2014 02:22,48.098
15-02-2014 02:27,40.868
15-02-2014 02:32,52.63
15-02-2014 02:37,45.328
15-02-2014 02:42,43.86
15-02-2014 02:47,49.19
15-02-2014 02:52,40.032
15-02-2014 02:57,52.91
15-02-2014 03:02,46.916
15-02-2014 03:07,43.408
15-02-2014 03:12,50.222
15-02-2014 03:17,45.886
15-02-2014 03:22,43.94
15-02-2014 03:27,48.166
15-02-2014 03:32,40.822
15-02-2014 03:37,54.248
15-02-2014 03:42,46.878
15-02-2014 03:47,41.85
15-02-2014 03:52,51.548
15-02-2014 03:57,47.73
15-02-2014 04:02,45.212
15-02-2014 04:07,50.658
15-02-2014 04:12,39.87
15-02-2014 04:17,50.728
15-02-2014 04:22,46.15
15-02-2014 04:27,43.126
15-02-2014 04:32,49.672
15-02-2014 04:37,46.644
15-02-2014 04:42,44.994
15-02-2014 04:47,47.432
15-02-2014 04:52,40.212
15-02-2014 04:57,53.888
15-02-2014 05:02,43.248
15-02-2014 05:07,44.366
15-02-2014 05:12,49.126
15-02-2014 05:17,45.48
15-02-2014 05:22,44.754
15-02-2014 05:27,46.69
15-02-2014 05:32,41.76
15-02-2014 05:37,52.368
15-02-2014 05:42,44.882
15-02-2014 05:47,42.23
15-02-2014 05:52,49.624
15-02-2014 05:57,47.63
15-02-2014 06:02,44.786
15-02-2014 06:07,49.354
15-02-2014 06:12,40.702
15-02-2014 06:17,51.666
15-02-2014 06:22,45
15-02-2014 06:27,43.616
15-02-2014 06:32,50.822
15-02-2014 06:37,44.414
15-02-2014 06:42,44.232
15-02-2014 06:47,48.236
15-02-2014 06:52,41.08
15-02-2014 06:57,53.92
15-02-2014 07:02,46.22
15-02-2014 07:07,43.522
15-02-2014 07:12,49.74
15-02-2014 07:17,43.592
15-02-2014 07:22,41.808
15-02-2014 07:27,49.366
15-02-2014 07:32,45.492
15-02-2014 07:37,44.296
15-02-2014 07:42,49.706
15-02-2014 07:47,40.868
15-02-2014 07:52,51.808
15-02-2014 07:57,48.562
15-02-2014 08:02,41.902
15-02-2014 08:07,53.708
15-02-2014 08:12,46.55
15-02-2014 08:17,41.338
15-02-2014 08:22,48.366
15-02-2014 08:27,41.878
15-02-2014 08:32,52.342
15-02-2014 08:37,46.502
15-02-2014 08:42,42.276
15-02-2014 08:47,50.104
15-02-2014 08:52,45.728
15-02-2014 08:57,45.494
15-02-2014 09:02,48.666
15-02-2014 09:07,48.17
15-02-2014 09:12,44.672
15-02-2014 09:17,45.54
15-02-2014 09:22,40.892
15-02-2014 09:27,50.024
15-02-2014 09:32,45.376
15-02-2014 09:37,42.746
15-02-2014 09:42,48.076
15-02-2014 09:47,46.69
15-02-2014 09:52,44.132
15-02-2014 09:57,49.898
15-02-2014 10:02,40.798
15-02-2014 10:07,53.216
15-02-2014 10:12,45.298
15-02-2014 10:17,41.76
15-02-2014 10:22,48.662
15-02-2014 10:27,45.536
15-02-2014 10:32,45.044
15-02-2014 10:37,48.068
15-02-2014 10:42,41.77
15-02-2014 10:47,51.738
15-02-2014 10:52,47.558
15-02-2014 10:57,43.122
15-02-2014 11:02,50.234
15-02-2014 11:07,47.474
15-02-2014 11:12,43.17
15-02-2014 11:17,47.418
15-02-2014 11:22,39.86
15-02-2014 11:27,51.456
15-02-2014 11:32,44.32
15-02-2014 11:37,42.206
15-02-2014 11:42,49.272
15-02-2014 11:47,46.066
15-02-2014 11:52,45.164
15-02-2014 11:57,49.432
15-02-2014 12:02,40.306
15-02-2014 12:07,53.17
15-02-2014 12:12,45.416
15-02-2014 12:17,42.05
15-02-2014 12:22,50.45
15-02-2014 12:27,47.042
15-02-2014 12:32,44.508
15-02-2014 12:37,47.958
15-02-2014 12:42,41.526
15-02-2014 12:47,52.746
15-02-2014 12:52,45.4
15-02-2014 12:57,44.038
15-02-2014 13:02,50.422
15-02-2014 13:07,47.746
15-02-2014 13:12,43.662
15-02-2014 13:17,48.544
15-02-2014 13:22,40.54
15-02-2014 13:27,51.808
15-02-2014 13:32,46.15
15-02-2014 13:37,42.042
15-02-2014 13:42,48.69
15-02-2014 13:47,45.954
15-02-2014 13:52,45.328
15-02-2014 13:57,48.544
15-02-2014 14:02,40.892
15-02-2014 14:07,55.154
15-02-2014 14:12,43.996
15-02-2014 14:17,43.052
15-02-2014 14:22,48.268
15-02-2014 14:27,44.836
15-02-2014 14:32,45.2
15-02-2014 14:37,47.3
15-02-2014 14:42,40.07
15-02-2014 14:47,51.844
15-02-2014 14:52,47.432
15-02-2014 14:57,43.92
15-02-2014 15:02,50.994
15-02-2014 15:07,48.136
15-02-2014 15:12,44.772
15-02-2014 15:17,49.014
15-02-2014 15:22,40.658
15-02-2014 15:27,51.578
15-02-2014 15:32,47.3
15-02-2014 15:37,41.79
15-02-2014 15:42,52.348
15-02-2014 15:47,44.836
15-02-2014 15:52,44.718
15-02-2014 15:57,49.766
15-02-2014 16:02,40.4
15-02-2014 16:07,53.404
15-02-2014 16:12,45.024
15-02-2014 16:17,42.254
15-02-2014 16:22,49.496
15-02-2014 16:27,46.198
15-02-2014 16:32,44.414
15-02-2014 16:37,45.586
15-02-2014 16:42,45.958
15-02-2014 16:47,44.554
15-02-2014 16:52,47.184
15-02-2014 16:57,43.092
15-02-2014 17:02,53.586
15-02-2014 17:07,47.288
15-02-2014 17:12,43.162
15-02-2014 17:17,49.108
15-02-2014 17:22,46.304
15-02-2014 17:27,43.356
15-02-2014 17:32,48.076
15-02-2014 17:37,39.554
15-02-2014 17:42,52.418
15-02-2014 17:47,46.26
15-02-2014 17:52,42.152
15-02-2014 17:57,52.37
15-02-2014 18:02,45.47
15-02-2014 18:07,46.126
15-02-2014 18:12,46.22
15-02-2014 18:17,40.234
15-02-2014 18:22,52.384
15-02-2014 18:27,45.36
15-02-2014 18:32,43.378
15-02-2014 18:37,48.802
15-02-2014 18:42,40.492
15-02-2014 18:47,53.17
15-02-2014 18:52,46.126
15-02-2014 18:57,43.51
15-02-2014 19:02,50.396
15-02-2014 19:07,48.216
15-02-2014 19:12,44.882
15-02-2014 19:17,47.404
15-02-2014 19:22,41.1
15-02-2014 19:27,52.98
15-02-2014 19:32,43.474
15-02-2014 19:37,41.106
15-02-2014 19:42,48.334
15-02-2014 19:47,46.478
15-02-2014 19:52,43.544
15-02-2014 19:57,50.494
15-02-2014 20:02,41.228
15-02-2014 20:07,54.264
15-02-2014 20:12,45.798
15-02-2014 20:17,42.324
15-02-2014 20:22,50.986
15-02-2014 20:27,46.604
15-02-2014 20:32,45.706
15-02-2014 20:37,48.286
15-02-2014 20:42,40.652
15-02-2014 20:47,53.522
15-02-2014 20:52,45.392
15-02-2014 20:57,45.102
15-02-2014 21:02,49.754
15-02-2014 21:07,48.944
15-02-2014 21:12,44.672
15-02-2014 21:17,47.066
15-02-2014 21:22,41.174
15-02-2014 21:27,52.09
15-02-2014 21:32,45.258
15-02-2014 21:37,42.764
15-02-2014 21:42,48.216
15-02-2014 21:47,46.726
15-02-2014 21:52,44.292
15-02-2014 21:57,49.484
15-02-2014 22:02,40.492
15-02-2014 22:07,54.722
15-02-2014 22:12,45.586
15-02-2014 22:17,41.82
15-02-2014 22:22,48.896
15-02-2014 22:27,46.344
15-02-2014 22:32,45.07
15-02-2014 22:37,45.972
15-02-2014 22:42,40.164
15-02-2014 22:47,51.572
15-02-2014 22:52,44.812
15-02-2014 22:57,46.198
15-02-2014 23:02,48.802
15-02-2014 23:07,48.724
15-02-2014 23:12,45.282
15-02-2014 23:17,46.94
15-02-2014 23:22,40.884
15-02-2014 23:27,53.298
15-02-2014 23:32,44.852
15-02-2014 23:37,43.778
15-02-2014 23:42,47.974
15-02-2014 23:47,46.79
15-02-2014 23:52,44.742
15-02-2014 23:57,49.146
16-02-2014 00:02,41.064
16-02-2014 00:07,52.73
16-02-2014 00:12,46.996
16-02-2014 00:17,42.998
16-02-2014 00:22,49.798
16-02-2014 00:27,40.658
16-02-2014 00:32,52.044
16-02-2014 00:37,46.714
16-02-2014 00:42,41.456
16-02-2014 00:47,52.418
16-02-2014 00:52,44.994
16-02-2014 00:57,45.728
16-02-2014 01:02,48.802
16-02-2014 01:07,51.408
16-02-2014 01:12,48.678
16-02-2014 01:17,47.394
16-02-2014 01:22,41.11
16-02-2014 01:27,53.23
16-02-2014 01:32,49.418
16-02-2014 01:37,43.518
16-02-2014 01:42,49.248
16-02-2014 01:47,45.846
16-02-2014 01:52,47.066
16-02-2014 01:57,47.752
16-02-2014 02:02,42.066
16-02-2014 02:07,51.708
16-02-2014 02:12,45.976
16-02-2014 02:17,43.474
16-02-2014 02:22,46.58
16-02-2014 02:27,38.522
16-02-2014 02:32,52.794
16-02-2014 02:37,44.436
16-02-2014 02:42,41.854
16-02-2014 02:47,51.056
16-02-2014 02:52,46.11
16-02-2014 02:57,46.15
16-02-2014 03:02,50.54
16-02-2014 03:07,48.122
16-02-2014 03:12,44.108
16-02-2014 03:17,47.492
16-02-2014 03:22,41.808
16-02-2014 03:27,56.22
16-02-2014 03:32,45.306
16-02-2014 03:37,43.404
16-02-2014 03:42,50.352
16-02-2014 03:47,47.48
16-02-2014 03:52,44.674
16-02-2014 03:57,49.672
16-02-2014 04:02,40.694
16-02-2014 04:07,54.212
16-02-2014 04:12,46.384
16-02-2014 04:17,41.292
16-02-2014 04:22,52.806
16-02-2014 04:27,46.154
16-02-2014 04:32,42.456
16-02-2014 04:37,49.46
16-02-2014 04:42,46.126
16-02-2014 04:47,45.61
16-02-2014 04:52,46.878
16-02-2014 04:57,42.746
16-02-2014 05:02,53.028
16-02-2014 05:07,47.63
16-02-2014 05:12,41.116
16-02-2014 05:17,49.32
16-02-2014 05:22,46.478
16-02-2014 05:27,45.564
16-02-2014 05:32,47.256
16-02-2014 05:37,40.488
16-02-2014 05:42,52.652
16-02-2014 05:47,44.718
16-02-2014 05:52,42.97
16-02-2014 05:57,51.854
16-02-2014 06:02,46.076
16-02-2014 06:07,45.904
16-02-2014 06:12,47.276
16-02-2014 06:17,41.714
16-02-2014 06:22,52.972
16-02-2014 06:27,44.984
16-02-2014 06:32,43.29
16-02-2014 06:37,49.694
16-02-2014 06:42,45.234
16-02-2014 06:47,45.564
16-02-2014 06:52,46.3
16-02-2014 06:57,43.568
16-02-2014 07:02,52.724
16-02-2014 07:07,46.784
16-02-2014 07:12,42.23
16-02-2014 07:17,50.448
16-02-2014 07:22,46.432
16-02-2014 07:27,43.826
16-02-2014 07:32,49.508
16-02-2014 07:37,45.488
16-02-2014 07:42,45.908
16-02-2014 07:47,45.68
16-02-2014 07:52,40.094
16-02-2014 07:57,54.828
16-02-2014 08:02,45.212
16-02-2014 08:07,44.444
16-02-2014 08:12,47.676
16-02-2014 08:17,39.742
16-02-2014 08:22,50.678
16-02-2014 08:27,46.292
16-02-2014 08:32,42.044
16-02-2014 08:37,52.066
16-02-2014 08:42,45.258
16-02-2014 08:47,43.454
16-02-2014 08:52,48.166
16-02-2014 08:57,41.854
16-02-2014 09:02,49.504
16-02-2014 09:07,47.596
16-02-2014 09:12,40.592
16-02-2014 09:17,50.274
16-02-2014 09:22,45.83
16-02-2014 09:27,42.788
16-02-2014 09:32,47.866
16-02-2014 09:37,41.714
16-02-2014 09:42,52.324
16-02-2014 09:47,46.666
16-02-2014 09:52,42.512
16-02-2014 09:57,51.69
16-02-2014 10:02,46.846
16-02-2014 10:07,45.026
16-02-2014 10:12,48.166
16-02-2014 10:17,40.234
16-02-2014 10:22,52.066
16-02-2014 10:27,46.01
16-02-2014 10:32,41.62
16-02-2014 10:37,49.932
16-02-2014 10:42,45.492
16-02-2014 10:47,43.31
16-02-2014 10:52,48.874
16-02-2014 10:57,48.568
16-02-2014 11:02,44.918
16-02-2014 11:07,48.676
16-02-2014 11:12,39.678
16-02-2014 11:17,52.206
16-02-2014 11:22,44.47
16-02-2014 11:27,42.512
16-02-2014 11:32,48.508
16-02-2014 11:37,45.376
16-02-2014 11:42,46.032
16-02-2014 11:47,47.394
16-02-2014 11:52,39.738
16-02-2014 11:57,53.544
16-02-2014 12:02,45.752
16-02-2014 12:07,44.672
16-02-2014 12:12,48.802
16-02-2014 12:17,39.812
16-02-2014 12:22,50.13
16-02-2014 12:27,46.838
16-02-2014 12:32,40.908
16-02-2014 12:37,51.808
16-02-2014 12:42,42.12
16-02-2014 12:47,42.136
16-02-2014 12:52,48.45
16-02-2014 12:57,48.06
16-02-2014 13:02,43.756
16-02-2014 13:07,49.542
16-02-2014 13:12,39.976
16-02-2014 13:17,52.512
16-02-2014 13:22,44.504
16-02-2014 13:27,42.606
16-02-2014 13:32,48.656
16-02-2014 13:37,46.05
16-02-2014 13:42,45.022
16-02-2014 13:47,48.754
16-02-2014 13:52,39.772
16-02-2014 13:57,54.918
16-02-2014 14:02,45.962
16-02-2014 14:07,44.616
16-02-2014 14:12,48.756
16-02-2014 14:17,46.666
16-02-2014 14:22,43.652
16-02-2014 14:27,46.9
16-02-2014 14:32,39.718
16-02-2014 14:37,52.182
16-02-2014 14:42,45.47
16-02-2014 14:47,41.972
16-02-2014 14:52,46.972
16-02-2014 14:57,46.292
16-02-2014 15:02,42.71
16-02-2014 15:07,50.394
16-02-2014 15:12,40.47
16-02-2014 15:17,51.134
16-02-2014 15:22,44.812
16-02-2014 15:27,41.58
16-02-2014 15:32,50.094
16-02-2014 15:37,46.056
16-02-2014 15:42,43.452
16-02-2014 15:47,48.474
16-02-2014 15:52,40.634
16-02-2014 15:57,53.334
16-02-2014 16:02,46.032
16-02-2014 16:07,43.334
16-02-2014 16:12,49.448
16-02-2014 16:17,46.69
16-02-2014 16:22,44.39
16-02-2014 16:27,45.292
16-02-2014 16:32,40.282
16-02-2014 16:37,50.75
16-02-2014 16:42,48.122
16-02-2014 16:47,41.362
16-02-2014 16:52,50.988
16-02-2014 16:57,46.314
16-02-2014 17:02,43.192
16-02-2014 17:07,50.798
16-02-2014 17:12,45.858
16-02-2014 17:17,44.954
16-02-2014 17:22,46.408
16-02-2014 17:27,40.234
16-02-2014 17:32,52.516
16-02-2014 17:37,44.342
16-02-2014 17:42,42.958
16-02-2014 17:47,47.934
16-02-2014 17:52,45.986
16-02-2014 17:57,47.354
16-02-2014 18:02,48.216
16-02-2014 18:07,42.74
16-02-2014 18:12,51.096
16-02-2014 18:17,45.634
16-02-2014 18:22,42.23
16-02-2014 18:27,50.47
16-02-2014 18:32,44.04
16-02-2014 18:37,44.02
16-02-2014 18:42,48.004
16-02-2014 18:47,40.774
16-02-2014 18:52,52
16-02-2014 18:57,48.356
16-02-2014 19:02,41.01
16-02-2014 19:07,53.38
16-02-2014 19:12,44.132
16-02-2014 19:17,42.972
16-02-2014 19:22,47.888
16-02-2014 19:27,39.918
16-02-2014 19:32,50.868
16-02-2014 19:37,46.574
16-02-2014 19:42,41.46
16-02-2014 19:47,51.808
16-02-2014 19:52,44.248
16-02-2014 19:57,45.282
16-02-2014 20:02,49.484
16-02-2014 20:07,48.826
16-02-2014 20:12,43.462
16-02-2014 20:17,48.38
16-02-2014 20:22,45.822
16-02-2014 20:27,46.22
16-02-2014 20:32,47.31
16-02-2014 20:37,40.37
16-02-2014 20:42,50.164
16-02-2014 20:47,45.54
16-02-2014 20:52,42.276
16-02-2014 20:57,51.388
16-02-2014 21:02,46.808
16-02-2014 21:07,44.566
16-02-2014 21:12,48.17
16-02-2014 21:17,39.954
16-02-2014 21:22,50.61
16-02-2014 21:27,45.156
16-02-2014 21:32,41.502
16-02-2014 21:37,48.754
16-02-2014 21:42,45.188
16-02-2014 21:47,43.92
16-02-2014 21:52,47.254
16-02-2014 21:57,42.652
16-02-2014 22:02,50.302
16-02-2014 22:07,48.872
16-02-2014 22:12,40.27
16-02-2014 22:17,51.76
16-02-2014 22:22,44.414
16-02-2014 22:27,44.092
16-02-2014 22:32,49.218
16-02-2014 22:37,39.694
16-02-2014 22:42,51.104
16-02-2014 22:47,45.98
16-02-2014 22:52,42.332
16-02-2014 22:57,52.91
16-02-2014 23:02,43.968
16-02-2014 23:07,45.14
16-02-2014 23:12,48.516
16-02-2014 23:17,45.826
16-02-2014 23:22,45.158
16-02-2014 23:27,48.012
16-02-2014 23:32,39.86
16-02-2014 23:37,51.67
16-02-2014 23:42,46.444
16-02-2014 23:47,43.678
16-02-2014 23:52,49.622
16-02-2014 23:57,47.652
17-02-2014 00:02,44.062
17-02-2014 00:07,50.54
17-02-2014 00:12,41.31
17-02-2014 00:17,51.448
17-02-2014 00:22,46.066
17-02-2014 00:27,41.564
17-02-2014 00:32,51.386
17-02-2014 00:37,44.668
17-02-2014 00:42,43.662
17-02-2014 00:47,49.272
17-02-2014 00:52,45.024
17-02-2014 00:57,45.822
17-02-2014 01:02,47.05
17-02-2014 01:07,41.708
17-02-2014 01:12,51.996
17-02-2014 01:17,45.962
17-02-2014 01:22,42.464
17-02-2014 01:27,48.352
17-02-2014 01:32,46.194
17-02-2014 01:37,45.282
17-02-2014 01:42,46.174
17-02-2014 01:47,39.95
17-02-2014 01:52,52.384
17-02-2014 01:57,46.778
17-02-2014 02:02,43.78
17-02-2014 02:07,49.812
17-02-2014 02:12,46.22
17-02-2014 02:17,46.432
17-02-2014 02:22,47.23
17-02-2014 02:27,40.54
17-02-2014 02:32,52.582
17-02-2014 02:37,45.258
17-02-2014 02:42,42.65
17-02-2014 02:47,49.93
17-02-2014 02:52,39.648
17-02-2014 02:57,53.804
17-02-2014 03:02,46.62
17-02-2014 03:07,43.486
17-02-2014 03:12,52.888
17-02-2014 03:17,43.85
17-02-2014 03:22,43.51
17-02-2014 03:27,48.372
17-02-2014 03:32,40.352
17-02-2014 03:37,51.138
17-02-2014 03:42,45.07
17-02-2014 03:47,42.668
17-02-2014 03:52,50.868
17-02-2014 03:57,48.586
17-02-2014 04:02,44.062
17-02-2014 04:07,49.372
17-02-2014 04:12,40.132
17-02-2014 04:17,52.982
17-02-2014 04:22,47.006
17-02-2014 04:27,43.544
17-02-2014 04:32,49.39
17-02-2014 04:37,48.708
17-02-2014 04:42,43.756
17-02-2014 04:47,47.84
17-02-2014 04:52,40.846
17-02-2014 04:57,53.17
17-02-2014 05:02,46.894
17-02-2014 05:07,43.82
17-02-2014 05:12,49.872
17-02-2014 05:17,45.07
17-02-2014 05:22,44.468
17-02-2014 05:27,47.136
17-02-2014 05:32,40.962
17-02-2014 05:37,52.99
17-02-2014 05:42,44.788
17-02-2014 05:47,42.442
17-02-2014 05:52,50.07
17-02-2014 05:57,47.664
17-02-2014 06:02,44.414
17-02-2014 06:07,49.214
17-02-2014 06:12,39.958
17-02-2014 06:17,51.482
17-02-2014 06:22,46.432
17-02-2014 06:27,43.662
17-02-2014 06:32,47.768
17-02-2014 06:37,46.174
17-02-2014 06:42,45.188
17-02-2014 06:47,47.414
17-02-2014 06:52,40.842
17-02-2014 06:57,54
17-02-2014 07:02,44.836
17-02-2014 07:07,44.038
17-02-2014 07:12,48.356
17-02-2014 07:17,39.882
17-02-2014 07:22,50.492
17-02-2014 07:27,45.258
17-02-2014 07:32,42.23
17-02-2014 07:37,50.896
17-02-2014 07:42,44.712
17-02-2014 07:47,43.24
17-02-2014 07:52,48.452
17-02-2014 07:57,44.09
17-02-2014 08:02,50.564
17-02-2014 08:07,48.428
17-02-2014 08:12,40.094
17-02-2014 08:17,52.59
17-02-2014 08:22,44.53
17-02-2014 08:27,43.592
17-02-2014 08:32,48.856
17-02-2014 08:37,41.002
17-02-2014 08:42,50.938
17-02-2014 08:47,46.69
17-02-2014 08:52,41.198
17-02-2014 08:57,52.91
17-02-2014 09:02,46.784
17-02-2014 09:07,45.164
17-02-2014 09:12,48.428
17-02-2014 09:17,46.384
17-02-2014 09:22,44.154
17-02-2014 09:27,46.478
17-02-2014 09:32,40.3
17-02-2014 09:37,51.69
17-02-2014 09:42,44.918
17-02-2014 09:47,42.782
17-02-2014 09:52,48.756
17-02-2014 09:57,48.252
17-02-2014 10:02,43.584
17-02-2014 10:07,49.812
17-02-2014 10:12,40.208
17-02-2014 10:17,51.688
17-02-2014 10:22,44.876
17-02-2014 10:27,42.7
17-02-2014 10:32,49.174
17-02-2014 10:37,46.924
17-02-2014 10:42,45.376
17-02-2014 10:47,46.854
17-02-2014 10:52,40.752
17-02-2014 10:57,54.6
17-02-2014 11:02,43.874
17-02-2014 11:07,44.93
17-02-2014 11:12,48.708
17-02-2014 11:17,45.268
17-02-2014 11:22,42.948
17-02-2014 11:27,47.736
17-02-2014 11:32,46.55
17-02-2014 11:37,45.492
17-02-2014 11:42,47.84
17-02-2014 11:47,39.882
17-02-2014 11:52,51.104
17-02-2014 11:57,45.64
17-02-2014 12:02,42.834
17-02-2014 12:07,50.764
17-02-2014 12:12,46.518
17-02-2014 12:17,44.644
17-02-2014 12:22,48.326
17-02-2014 12:27,40.316
17-02-2014 12:32,51.466
17-02-2014 12:37,45.558
17-02-2014 12:42,42.76
17-02-2014 12:47,49.648
17-02-2014 12:52,45.916
17-02-2014 12:57,46.854
17-02-2014 13:02,46.572
17-02-2014 13:07,42.652
17-02-2014 13:12,52.536
17-02-2014 13:17,44.252
17-02-2014 13:22,42.184
17-02-2014 13:27,48.098
17-02-2014 13:32,45.38
17-02-2014 13:37,44.578
17-02-2014 13:42,46.826
17-02-2014 13:47,39.672
17-02-2014 13:52,51.69
17-02-2014 13:57,46.83
17-02-2014 14:02,43.098
17-02-2014 14:07,49.882
17-02-2014 14:12,39.836
17-02-2014 14:17,51.198
17-02-2014 14:22,46.08
17-02-2014 14:27,41.808
17-02-2014 14:32,49.436
17-02-2014 14:37,46.644
17-02-2014 14:42,42.7
17-02-2014 14:47,49.16
17-02-2014 14:52,39.766
17-02-2014 14:57,53.498
17-02-2014 15:02,45.778
17-02-2014 15:07,43.816
17-02-2014 15:12,52.282
17-02-2014 15:17,44.056
17-02-2014 15:22,43.086
17-02-2014 15:27,47.674
17-02-2014 15:32,40.408
17-02-2014 15:37,51.69
17-02-2014 15:42,44.976
17-02-2014 15:47,42.306
17-02-2014 15:52,51.944
17-02-2014 15:57,46.978
17-02-2014 16:02,43.544
17-02-2014 16:07,51.854
17-02-2014 16:12,47.21
17-02-2014 16:17,45.61
17-02-2014 16:22,46.502
17-02-2014 16:27,41.362
17-02-2014 16:32,50.88
17-02-2014 16:37,45.638
17-02-2014 16:42,43.732
17-02-2014 16:47,47.774
17-02-2014 16:52,40.376
17-02-2014 16:57,54.084
17-02-2014 17:02,46.108
17-02-2014 17:07,43.028
17-02-2014 17:12,52.934
17-02-2014 17:17,43.882
17-02-2014 17:22,44.162
17-02-2014 17:27,50.492
17-02-2014 17:32,39.86
17-02-2014 17:37,54.536
17-02-2014 17:42,46.056
17-02-2014 17:47,43.122
17-02-2014 17:52,49.108
17-02-2014 17:57,48.568
17-02-2014 18:02,43.35
17-02-2014 18:07,51.864
17-02-2014 18:12,40.122
17-02-2014 18:17,51.69
17-02-2014 18:22,46.174
17-02-2014 18:27,42.84
17-02-2014 18:32,50.426
17-02-2014 18:37,45.704
17-02-2014 18:42,44.108
17-02-2014 18:47,47.676
17-02-2014 18:52,40.178
17-02-2014 18:57,56.408
17-02-2014 19:02,45.118
17-02-2014 19:07,45.174
17-02-2014 19:12,49.272
17-02-2014 19:17,45.586
17-02-2014 19:22,45.692
17-02-2014 19:27,47.35
17-02-2014 19:32,40.188
17-02-2014 19:37,53.634
17-02-2014 19:42,45.212
17-02-2014 19:47,43.31
17-02-2014 19:52,49.084
17-02-2014 19:57,47.382
17-02-2014 20:02,44.108
17-02-2014 20:07,49.202
17-02-2014 20:12,39.812
17-02-2014 20:17,51.446
17-02-2014 20:22,45.68
17-02-2014 20:27,44.13
17-02-2014 20:32,48.664
17-02-2014 20:37,40.34
17-02-2014 20:42,51.314
17-02-2014 20:47,46.01
17-02-2014 20:52,42.276
17-02-2014 20:57,51.83
17-02-2014 21:02,46.902
17-02-2014 21:07,46.432
17-02-2014 21:12,47.54
17-02-2014 21:17,40.582
17-02-2014 21:22,52.676
17-02-2014 21:27,45.494
17-02-2014 21:32,43.616
17-02-2014 21:37,50.328
17-02-2014 21:42,46.502
17-02-2014 21:47,43.732
17-02-2014 21:52,48.638
17-02-2014 21:57,48.31
17-02-2014 22:02,45.422
17-02-2014 22:07,49.366
17-02-2014 22:12,40.37
17-02-2014 22:17,52.474
17-02-2014 22:22,44.668
17-02-2014 22:27,43.098
17-02-2014 22:32,48.896
17-02-2014 22:37,40.492
17-02-2014 22:42,51.408
17-02-2014 22:47,45.376
17-02-2014 22:52,45.082
17-02-2014 22:57,50.69
17-02-2014 23:02,46.666
17-02-2014 23:07,48.216
17-02-2014 23:12,45.986
17-02-2014 23:17,41.296
17-02-2014 23:22,53.78
17-02-2014 23:27,45.798
17-02-2014 23:32,42.536
17-02-2014 23:37,49.038
17-02-2014 23:42,45.868
17-02-2014 23:47,43.92
17-02-2014 23:52,46.578
17-02-2014 23:57,42.14
18-02-2014 00:02,54.084
18-02-2014 00:07,46.596
18-02-2014 00:12,43.226
18-02-2014 00:17,48.798
18-02-2014 00:22,46.588
18-02-2014 00:27,44.22
18-02-2014 00:32,47.762
18-02-2014 00:37,40.446
18-02-2014 00:42,52.348
18-02-2014 00:47,46.384
18-02-2014 00:52,43.896
18-02-2014 00:57,50.952
18-02-2014 01:02,45.492
18-02-2014 01:07,46.902
18-02-2014 01:12,49.23
18-02-2014 01:17,40.61
18-02-2014 01:22,52.582
18-02-2014 01:27,45.328
18-02-2014 01:32,42.388
18-02-2014 01:37,48.938
18-02-2014 01:42,39.554
18-02-2014 01:47,51.83
18-02-2014 01:52,45.516
18-02-2014 01:57,44.906
18-02-2014 02:02,49.672
18-02-2014 02:07,47.676
18-02-2014 02:12,45.686
18-02-2014 02:17,46.62
18-02-2014 02:22,41.056
18-02-2014 02:27,54.53
18-02-2014 02:32,49.976
18-02-2014 02:37,43.85
18-02-2014 02:42,49.008
18-02-2014 02:47,45.792
18-02-2014 02:52,44.83
18-02-2014 02:57,49.884
18-02-2014 03:02,40.274
18-02-2014 03:07,54.986
18-02-2014 03:12,45.2
18-02-2014 03:17,42.196
18-02-2014 03:22,50.37
18-02-2014 03:27,46.738
18-02-2014 03:32,45.988
18-02-2014 03:37,47.332
18-02-2014 03:42,40.216
18-02-2014 03:47,51.384
18-02-2014 03:52,44.32
18-02-2014 03:57,44.234
18-02-2014 04:02,49.484
18-02-2014 04:07,47.09
18-02-2014 04:12,44.46
18-02-2014 04:17,46.854
18-02-2014 04:22,41.43
18-02-2014 04:27,51.902
18-02-2014 04:32,46.55
18-02-2014 04:37,41.436
18-02-2014 04:42,50.47
18-02-2014 04:47,45.696
18-02-2014 04:52,44.89
18-02-2014 04:57,48.89
18-02-2014 05:02,40.548
18-02-2014 05:07,53.452
18-02-2014 05:12,46.432
18-02-2014 05:17,41.878
18-02-2014 05:22,50.56
18-02-2014 05:27,46.774
18-02-2014 05:32,45.058
18-02-2014 05:37,47.394
18-02-2014 05:42,41.992
18-02-2014 05:47,51.724
18-02-2014 05:52,44.624
18-02-2014 05:57,44.93
18-02-2014 06:02,49.53
18-02-2014 06:07,48.192
18-02-2014 06:12,45.47
18-02-2014 06:17,47.888
18-02-2014 06:22,40.708
18-02-2014 06:27,52.44
18-02-2014 06:32,45.558
18-02-2014 06:37,41.902
18-02-2014 06:42,49.014
18-02-2014 06:47,46.966
18-02-2014 06:52,44.426
18-02-2014 06:57,49.414
18-02-2014 07:02,40.132
18-02-2014 07:07,53.38
18-02-2014 07:12,45.306
18-02-2014 07:17,41.902
18-02-2014 07:22,48.428
18-02-2014 07:27,45.892
18-02-2014 07:32,45.704
18-02-2014 07:37,46.522
18-02-2014 07:42,41.302
18-02-2014 07:47,52.598
18-02-2014 07:52,45.376
18-02-2014 07:57,44.366
18-02-2014 08:02,49.882
18-02-2014 08:07,47.338
18-02-2014 08:12,43.4
18-02-2014 08:17,47.558
18-02-2014 08:22,40.634
18-02-2014 08:27,51.996
18-02-2014 08:32,45.24
18-02-2014 08:37,41.902
18-02-2014 08:42,50
18-02-2014 08:47,45.258
18-02-2014 08:52,44.296
18-02-2014 08:57,50.43
18-02-2014 09:02,39.788
18-02-2014 09:07,53.146
18-02-2014 09:12,45.916
18-02-2014 09:17,41.314
18-02-2014 09:22,52.23
18-02-2014 09:27,44.94
18-02-2014 09:32,43.334
18-02-2014 09:37,49.09
18-02-2014 09:42,45.39
18-02-2014 09:47,43.756
18-02-2014 09:52,48.708
18-02-2014 09:57,42.394
18-02-2014 10:02,53.146
18-02-2014 10:07,46.854
18-02-2014 10:12,44.154
18-02-2014 10:17,48.468
18-02-2014 10:22,40.978
18-02-2014 10:27,53.474
18-02-2014 10:32,45.452
18-02-2014 10:37,43.098
18-02-2014 10:42,49.578
18-02-2014 10:47,40.516
18-02-2014 10:52,52.838
18-02-2014 10:57,47.718
18-02-2014 11:02,42.39
18-02-2014 11:07,51.554
18-02-2014 11:12,47.724
18-02-2014 11:17,43.802
18-02-2014 11:22,49.43
18-02-2014 11:27,40.938
18-02-2014 11:32,53.17
18-02-2014 11:37,45.6
18-02-2014 11:42,43.428
18-02-2014 11:47,49.46
18-02-2014 11:52,44.296
18-02-2014 11:57,45.774
18-02-2014 12:02,49.174
18-02-2014 12:07,48.61
18-02-2014 12:12,45.244
18-02-2014 12:17,46.456
18-02-2014 12:22,40.706
18-02-2014 12:27,52.212
18-02-2014 12:32,44.366
18-02-2014 12:37,43.45
18-02-2014 12:42,47.7
18-02-2014 12:47,40.784
18-02-2014 12:52,53.286
18-02-2014 12:57,46.558
18-02-2014 13:02,44.118
18-02-2014 13:07,51.032
18-02-2014 13:12,41.456
18-02-2014 13:17,51.996
18-02-2014 13:22,46.738
18-02-2014 13:27,42.608
18-02-2014 13:32,48.944
18-02-2014 13:37,46.786
18-02-2014 13:42,44.93
18-02-2014 13:47,47.816
18-02-2014 13:52,40.826
18-02-2014 13:57,53.992
18-02-2014 14:02,47.536
18-02-2014 14:07,44.554
18-02-2014 14:12,49.82
18-02-2014 14:17,45.564
18-02-2014 14:22,43.894
18-02-2014 14:27,49.31
18-02-2014 14:32,41.492
18-02-2014 14:37,51.924
18-02-2014 14:42,46.886
18-02-2014 14:47,42.536
18-02-2014 14:52,50.32
18-02-2014 14:57,48.77
18-02-2014 15:02,43.142
18-02-2014 15:07,51.598
18-02-2014 15:12,46.558
18-02-2014 15:17,45.428
18-02-2014 15:22,47.688
18-02-2014 15:27,40.958
18-02-2014 15:32,52.324
18-02-2014 15:37,45.892
18-02-2014 15:42,43.304
18-02-2014 15:47,47.738
18-02-2014 15:52,46.214
18-02-2014 15:57,47.74
18-02-2014 16:02,48.722
18-02-2014 16:07,43.78
18-02-2014 16:12,52.348
18-02-2014 16:17,46.078
18-02-2014 16:22,41.848
18-02-2014 16:27,50.206
18-02-2014 16:32,46.502
18-02-2014 16:37,44.342
18-02-2014 16:42,50.11
18-02-2014 16:47,40.634
18-02-2014 16:52,52.112
18-02-2014 16:57,46.76
18-02-2014 17:02,42.982
18-02-2014 17:07,51.596
18-02-2014 17:12,46.996
18-02-2014 17:17,44.718
18-02-2014 17:22,47.81
18-02-2014 17:27,40.868
18-02-2014 17:32,52.676
18-02-2014 17:37,47.348
18-02-2014 17:42,43.806
18-02-2014 17:47,49.226
18-02-2014 17:52,41.83
18-02-2014 17:57,54.036
18-02-2014 18:02,46.524
18-02-2014 18:07,43.146
18-02-2014 18:12,52.81
18-02-2014 18:17,46.426
18-02-2014 18:22,43.074
18-02-2014 18:27,49.436
18-02-2014 18:32,45.728
18-02-2014 18:37,44.284
18-02-2014 18:42,48.372
18-02-2014 18:47,39.93
18-02-2014 18:52,52.846
18-02-2014 18:57,47.794
18-02-2014 19:02,43.076
18-02-2014 19:07,50.728
18-02-2014 19:12,41.032
18-02-2014 19:17,52.602
18-02-2014 19:22,48.474
18-02-2014 19:27,41.446
18-02-2014 19:32,49.296
18-02-2014 19:37,45.648
18-02-2014 19:42,45.892
18-02-2014 19:47,47.348
18-02-2014 19:52,40.56
18-02-2014 19:57,55.846
18-02-2014 20:02,45.046
18-02-2014 20:07,45.376
18-02-2014 20:12,48.934
18-02-2014 20:17,46.854
18-02-2014 20:22,45.986
18-02-2014 20:27,47.184
18-02-2014 20:32,40.78
18-02-2014 20:37,50.834
18-02-2014 20:42,46.16
18-02-2014 20:47,43.058
18-02-2014 20:52,49.436
18-02-2014 20:57,49.672
18-02-2014 21:02,44.788
18-02-2014 21:07,48.662
18-02-2014 21:12,40.274
18-02-2014 21:17,53.146
18-02-2014 21:22,45.68
18-02-2014 21:27,43.216
18-02-2014 21:32,49.484
18-02-2014 21:37,40.052
18-02-2014 21:42,52.746
18-02-2014 21:47,44.606
18-02-2014 21:52,42.676
18-02-2014 21:57,51.432
18-02-2014 22:02,46.314
18-02-2014 22:07,45.756
18-02-2014 22:12,47.112
18-02-2014 22:17,40.54
18-02-2014 22:22,51.922
18-02-2014 22:27,45.362
18-02-2014 22:32,43.334
18-02-2014 22:37,48.122
18-02-2014 22:42,41.288
18-02-2014 22:47,51.914
18-02-2014 22:52,46.76
18-02-2014 22:57,44.482
18-02-2014 23:02,49.664
18-02-2014 23:07,48.362
18-02-2014 23:12,45.024
18-02-2014 23:17,46.972
18-02-2014 23:22,40.502
18-02-2014 23:27,53.248
18-02-2014 23:32,45.892
18-02-2014 23:37,44.042
18-02-2014 23:42,49.21
18-02-2014 23:47,46.572
18-02-2014 23:52,44.858
18-02-2014 23:57,48.156
19-02-2014 00:02,41.878
19-02-2014 00:07,53.092
19-02-2014 00:12,50.015
19-02-2014 00:17,54.6033
19-02-2014 00:22,62.056
19-02-2014 00:27,42.086
19-02-2014 00:32,50.822
19-02-2014 00:37,44.53
19-02-2014 00:42,44.132
19-02-2014 00:47,47.184
19-02-2014 00:52,39.86
19-02-2014 00:57,54.058
19-02-2014 01:02,45.508
19-02-2014 01:07,43.874
19-02-2014 01:12,47.536
19-02-2014 01:17,39.394
19-02-2014 01:22,50.916
19-02-2014 01:27,44.32
19-02-2014 01:32,41.18
19-02-2014 01:37,49.22
19-02-2014 01:42,43.572
19-02-2014 01:47,43.714
19-02-2014 01:52,46.972
19-02-2014 01:57,41.55
19-02-2014 02:02,52.422
19-02-2014 02:07,45.312
19-02-2014 02:12,43.76
19-02-2014 02:17,47.652
19-02-2014 02:22,40.092
19-02-2014 02:27,50.51
19-02-2014 02:32,46.526
19-02-2014 02:37,40.884
19-02-2014 02:42,51.378
19-02-2014 02:47,44.248
19-02-2014 02:52,42.934
19-02-2014 02:57,48.296
19-02-2014 03:02,45.774
19-02-2014 03:07,46.88
19-02-2014 03:12,46.65
19-02-2014 03:17,40.044
19-02-2014 03:22,50.54
19-02-2014 03:27,45.258
19-02-2014 03:32,43.09
19-02-2014 03:37,46.62
19-02-2014 03:42,42.934
19-02-2014 03:47,51.706
19-02-2014 03:52,44.204
19-02-2014 03:57,44.624
19-02-2014 04:02,48.944
19-02-2014 04:07,42.09
19-02-2014 04:12,50.822
19-02-2014 04:17,46.33
19-02-2014 04:22,41.586
19-02-2014 04:27,49.432
19-02-2014 04:32,45.342
19-02-2014 04:37,42.794
19-02-2014 04:42,48.194
19-02-2014 04:47,44.808
19-02-2014 04:52,43.968
19-02-2014 04:57,46.702
19-02-2014 05:02,40.952
19-02-2014 05:07,52.184
19-02-2014 05:12,42.042
19-02-2014 05:17,40.586
19-02-2014 05:22,46.55
19-02-2014 05:27,44.366
19-02-2014 05:32,42.91
19-02-2014 05:37,46.016
19-02-2014 05:42,39.612
19-02-2014 05:47,49.648
19-02-2014 05:52,42.95
19-02-2014 05:57,42.136
19-02-2014 06:02,48.92
19-02-2014 06:07,45.704
19-02-2014 06:12,42.816
19-02-2014 06:17,45.422
19-02-2014 06:22,45.046
19-02-2014 06:27,43.226
19-02-2014 06:32,44.178
19-02-2014 06:37,39.954
19-02-2014 06:42,50.374
19-02-2014 06:47,41.854
19-02-2014 06:52,41.614
19-02-2014 06:57,47.558
19-02-2014 07:02,44.312
19-02-2014 07:07,45.846
19-02-2014 07:12,44.084
19-02-2014 07:17,39.672
19-02-2014 07:22,49.414
19-02-2014 07:27,42.226
19-02-2014 07:32,41.878
19-02-2014 07:37,46.738
19-02-2014 07:42,44.154
19-02-2014 07:47,44.038
19-02-2014 07:52,44.208
19-02-2014 07:57,41.818
19-02-2014 08:02,50.372
19-02-2014 08:07,44.836
19-02-2014 08:12,41.408
19-02-2014 08:17,46.62
19-02-2014 08:22,44.144
19-02-2014 08:27,43.92
19-02-2014 08:32,44.836
19-02-2014 08:37,39.812
19-02-2014 08:42,51.012
19-02-2014 08:47,43.262
19-02-2014 08:52,42.474
19-02-2014 08:57,48.968
19-02-2014 09:02,42.488
19-02-2014 09:07,42.326
19-02-2014 09:12,45.846
19-02-2014 09:17,44.014
19-02-2014 09:22,43.758
19-02-2014 09:27,45.374
19-02-2014 09:32,39.34
19-02-2014 09:37,51.142
19-02-2014 09:42,41.01
19-02-2014 09:47,39.882
19-02-2014 09:52,48.638
19-02-2014 09:57,45.306
19-02-2014 10:02,41.55
19-02-2014 10:07,47.068
19-02-2014 10:12,43.522
19-02-2014 10:17,43.522
19-02-2014 10:22,45.376
19-02-2014 10:27,39.906
19-02-2014 10:32,50.012
19-02-2014 10:37,42.746
19-02-2014 10:42,42.112
19-02-2014 10:47,45.916
19-02-2014 10:52,44.418
19-02-2014 10:57,45.174
19-02-2014 11:02,45.54
19-02-2014 11:07,41.064
19-02-2014 11:12,49.154
19-02-2014 11:17,43.048
19-02-2014 11:22,40.586
19-02-2014 11:27,47.112
19-02-2014 11:32,43.756
19-02-2014 11:37,42.676
19-02-2014 11:42,45.798
19-02-2014 11:47,39.112
19-02-2014 11:52,49.164
19-02-2014 11:57,44.788
19-02-2014 12:02,41.572
19-02-2014 12:07,48.498
19-02-2014 12:12,44.126
19-02-2014 12:17,42.09
19-02-2014 12:22,46.052
19-02-2014 12:27,43.91
19-02-2014 12:32,43.756
19-02-2014 12:37,44.86
19-02-2014 12:42,39.79
19-02-2014 12:47,49.86
19-02-2014 12:52,43.292
19-02-2014 12:57,42.88
19-02-2014 13:02,48.634
19-02-2014 13:07,45.798
19-02-2014 13:12,42.23
19-02-2014 13:17,44.686
19-02-2014 13:22,43.988
19-02-2014 13:27,43.874
19-02-2014 13:32,43.796
19-02-2014 13:37,40.14
19-02-2014 13:42,49.866
19-02-2014 13:47,42.816
19-02-2014 13:52,40.86
19-02-2014 13:57,48.31
19-02-2014 14:02,45.328
19-02-2014 14:07,44.46
19-02-2014 14:12,45.366
19-02-2014 14:17,39.882
19-02-2014 14:22,49.766
19-02-2014 14:27,42.498
19-02-2014 14:32,40.646
19-02-2014 14:37,48.616
19-02-2014 14:42,44.836
19-02-2014 14:47,42.324
19-02-2014 14:52,45.986
19-02-2014 14:57,46.292
19-02-2014 15:02,43.766
19-02-2014 15:07,47.244
19-02-2014 15:12,45.586
19-02-2014 15:17,44.738
19-02-2014 15:22,45.462
19-02-2014 15:27,44.46
19-02-2014 15:32,43.89
19-02-2014 15:37,44.788
19-02-2014 15:42,39.718
19-02-2014 15:47,50.586
19-02-2014 15:52,42.166
19-02-2014 15:57,43.262
19-02-2014 16:02,44.29
19-02-2014 16:07,45.986
19-02-2014 16:12,42.21
19-02-2014 16:17,46.39
19-02-2014 16:22,45.148
19-02-2014 16:27,43.896
19-02-2014 16:32,43.99
19-02-2014 16:37,45.586
19-02-2014 16:42,44.554
19-02-2014 16:47,45.986
19-02-2014 16:52,39.596
19-02-2014 16:57,50.212
19-02-2014 17:02,44.108
19-02-2014 17:07,41.996
19-02-2014 17:12,50.646
19-02-2014 17:17,42.066
19-02-2014 17:22,44.484
19-02-2014 17:27,48.508
19-02-2014 17:32,44.86
19-02-2014 17:37,43.292
19-02-2014 17:42,46.22
19-02-2014 17:47,44.756
19-02-2014 17:52,42.77
19-02-2014 17:57,46.69
19-02-2014 18:02,39.342
19-02-2014 18:07,49.766
19-02-2014 18:12,43.192
19-02-2014 18:17,40.586
19-02-2014 18:22,46.482
19-02-2014 18:27,43.716
19-02-2014 18:32,42.066
19-02-2014 18:37,45.328
19-02-2014 18:42,39.626
19-02-2014 18:47,49.178
19-02-2014 18:52,43.31
19-02-2014 18:57,42.16
19-02-2014 19:02,46.666
19-02-2014 19:07,45.528
19-02-2014 19:12,40.376
19-02-2014 19:17,45.962
19-02-2014 19:22,43.674
19-02-2014 19:27,41.738
19-02-2014 19:32,44.436
19-02-2014 19:37,44.342
19-02-2014 19:42,42.23
19-02-2014 19:47,44.964
19-02-2014 19:52,39.576
19-02-2014 19:57,50.63
19-02-2014 20:02,42.16
19-02-2014 20:07,40.282
19-02-2014 20:12,48.004
19-02-2014 20:17,41.924
19-02-2014 20:22,41.25
19-02-2014 20:27,43.854
19-02-2014 20:32,39.062
19-02-2014 20:37,49.028
19-02-2014 20:42,42.078
19-02-2014 20:47,40.566
19-02-2014 20:52,46.15
19-02-2014 20:57,45.568
19-02-2014 21:02,41.142
19-02-2014 21:07,46.544
19-02-2014 21:12,38.802
19-02-2014 21:17,48.874
19-02-2014 21:22,41.056
19-02-2014 21:27,40.54
19-02-2014 21:32,46.83
19-02-2014 21:37,41.83
19-02-2014 21:42,41.55
19-02-2014 21:47,44.084
19-02-2014 21:52,38.782
19-02-2014 21:57,50.556
19-02-2014 22:02,41.854
19-02-2014 22:07,42.582
19-02-2014 22:12,44.7
19-02-2014 22:17,40.188
19-02-2014 22:22,41.902
19-02-2014 22:27,44.718
19-02-2014 22:32,38.574
19-02-2014 22:37,48.782
19-02-2014 22:42,41.432
19-02-2014 22:47,40.366
19-02-2014 22:52,46.032
19-02-2014 22:57,44.766
19-02-2014 23:02,42.3
19-02-2014 23:07,46.22
19-02-2014 23:12,38.92
19-02-2014 23:17,48.896
19-02-2014 23:22,42.114
19-02-2014 23:27,39.906
19-02-2014 23:32,47.324
19-02-2014 23:37,41.332
19-02-2014 23:42,41.796
19-02-2014 23:47,44.454
19-02-2014 23:52,38.408
19-02-2014 23:57,50.954
20-02-2014 00:02,41.822
20-02-2014 00:07,41.68
20-02-2014 00:12,46.198
20-02-2014 00:17,42.916
20-02-2014 00:22,41.976
20-02-2014 00:27,43.704
20-02-2014 00:32,39.264
20-02-2014 00:37,48.44
20-02-2014 00:42,41.746
20-02-2014 00:47,41.924
20-02-2014 00:52,44.526
20-02-2014 00:57,44.508
20-02-2014 01:02,43.85
20-02-2014 01:07,46.162
20-02-2014 01:12,38.524
20-02-2014 01:17,46.942
20-02-2014 01:22,43.356
20-02-2014 01:27,41.084
20-02-2014 01:32,45.212
20-02-2014 01:37,43.474
20-02-2014 01:42,42.222
20-02-2014 01:47,43.92
20-02-2014 01:52,39.672
20-02-2014 01:57,51.292
20-02-2014 02:02,41.432
20-02-2014 02:07,42.77
20-02-2014 02:12,45.376
20-02-2014 02:17,42.816
20-02-2014 02:22,41.568
20-02-2014 02:27,43.802
20-02-2014 02:32,39.53
20-02-2014 02:37,49.202
20-02-2014 02:42,41.784
20-02-2014 02:47,41.338
20-02-2014 02:52,45.07
20-02-2014 02:57,44.766
20-02-2014 03:02,43.334
20-02-2014 03:07,43.576
20-02-2014 03:12,40.728
20-02-2014 03:17,48.57
20-02-2014 03:22,41.738
20-02-2014 03:27,41.338
20-02-2014 03:32,44.882
20-02-2014 03:37,43.39
20-02-2014 03:42,46.056
20-02-2014 03:47,42.888
20-02-2014 03:52,38.61
20-02-2014 03:57,48.78
20-02-2014 04:02,43.874
20-02-2014 04:07,43.45
20-02-2014 04:12,45.698
20-02-2014 04:17,42.724
20-02-2014 04:22,43.662
20-02-2014 04:27,42.724
20-02-2014 04:32,39.788
20-02-2014 04:37,48.466
20-02-2014 04:42,41.96
20-02-2014 04:47,41.924
20-02-2014 04:52,44.72
20-02-2014 04:57,40.634
20-02-2014 05:02,49.154
20-02-2014 05:07,43.426
20-02-2014 05:12,40.796
20-02-2014 05:17,46.97
20-02-2014 05:22,42.7
20-02-2014 05:27,42.3
20-02-2014 05:32,45.896
20-02-2014 05:37,39.108
20-02-2014 05:42,48.492
20-02-2014 05:47,42.39
20-02-2014 05:52,39.576
20-02-2014 05:57,50.516
20-02-2014 06:02,41.314
20-02-2014 06:07,43.026
20-02-2014 06:12,44.812
20-02-2014 06:17,38.92
20-02-2014 06:22,49.79
20-02-2014 06:27,41.666
20-02-2014 06:32,40.586
20-02-2014 06:37,45.842
20-02-2014 06:42,43.028
20-02-2014 06:47,42.442
20-02-2014 06:52,44.226
20-02-2014 06:57,41.408
20-02-2014 07:02,49.084
20-02-2014 07:07,43.334
20-02-2014 07:12,40.278
20-02-2014 07:17,44.694
20-02-2014 07:22,43.404
20-02-2014 07:27,42.206
20-02-2014 07:32,43.756
20-02-2014 07:37,39.226
20-02-2014 07:42,49.6
20-02-2014 07:47,41.01
20-02-2014 07:52,40.492
20-02-2014 07:57,48.428
20-02-2014 08:02,42.91
20-02-2014 08:07,43.45
20-02-2014 08:12,44.062
20-02-2014 08:17,39.012
20-02-2014 08:22,47.958
20-02-2014 08:27,41.91
20-02-2014 08:32,38.85
20-02-2014 08:37,49.434
20-02-2014 08:42,42.042
20-02-2014 08:47,41.104
20-02-2014 08:52,44.722
20-02-2014 08:57,40.54
20-02-2014 09:02,47.184
20-02-2014 09:07,45.024
20-02-2014 09:12,40.354
20-02-2014 09:17,46.296
20-02-2014 09:22,43.592
20-02-2014 09:27,42.256
20-02-2014 09:32,42.638
20-02-2014 09:37,40.704
20-02-2014 09:42,46.408
20-02-2014 09:47,42.184
20-02-2014 09:52,39.554
20-02-2014 09:57,50.828
20-02-2014 10:02,41.268
20-02-2014 10:07,43.216
20-02-2014 10:12,45.61
20-02-2014 10:17,42.696
20-02-2014 10:22,42.746
20-02-2014 10:27,42.998
20-02-2014 10:32,38.874
20-02-2014 10:37,48.662
20-02-2014 10:42,41.378
20-02-2014 10:47,40.814
20-02-2014 10:52,45.376
20-02-2014 10:57,45.164
20-02-2014 11:02,43.508
20-02-2014 11:07,45.004
20-02-2014 11:12,38.356
20-02-2014 11:17,48.968
20-02-2014 11:22,41.456
20-02-2014 11:27,40.758
20-02-2014 11:32,45.68
20-02-2014 11:37,42.864
20-02-2014 11:42,43.396
20-02-2014 11:47,42.564
20-02-2014 11:52,40.234
20-02-2014 11:57,50.932
20-02-2014 12:02,41.374
20-02-2014 12:07,42.354
20-02-2014 12:12,45.532
20-02-2014 12:17,42.952
20-02-2014 12:22,42.008
20-02-2014 12:27,44.022
20-02-2014 12:32,38.756
20-02-2014 12:37,48.31
20-02-2014 12:42,41.502
20-02-2014 12:47,40.732
20-02-2014 12:52,44.93
20-02-2014 12:57,44.816
20-02-2014 13:02,44.202
20-02-2014 13:07,44.45
20-02-2014 13:12,39.152
20-02-2014 13:17,48.124
20-02-2014 13:22,41.416
20-02-2014 13:27,41.362
20-02-2014 13:32,45.376
20-02-2014 13:37,39.118
20-02-2014 13:42,48.708
20-02-2014 13:47,41.55
20-02-2014 13:52,39.878
20-02-2014 13:57,47.782
20-02-2014 14:02,43.382
20-02-2014 14:07,43.192
20-02-2014 14:12,44.226
20-02-2014 14:17,44.136
20-02-2014 14:22,43.382
20-02-2014 14:27,41.914
20-02-2014 14:32,39.8
20-02-2014 14:37,49.514
20-02-2014 14:42,41.83
20-02-2014 14:47,41.48
20-02-2014 14:52,44.578
20-02-2014 14:57,41.122
20-02-2014 15:02,49.018
20-02-2014 15:07,43.756
20-02-2014 15:12,40.57
20-02-2014 15:17,45.634
20-02-2014 15:22,43.498
20-02-2014 15:27,42.222
20-02-2014 15:32,45.164
20-02-2014 15:37,38.662
20-02-2014 15:42,48.8
20-02-2014 15:47,41.748
20-02-2014 15:52,39.93
20-02-2014 15:57,47.84
20-02-2014 16:02,43.304
20-02-2014 16:07,44.014
20-02-2014 16:12,43.746
20-02-2014 16:17,38.27
20-02-2014 16:22,48.968
20-02-2014 16:27,41.314
20-02-2014 16:32,40.752
20-02-2014 16:37,45.492
20-02-2014 16:42,42.724
20-02-2014 16:47,41.502
20-02-2014 16:52,44.366
20-02-2014 16:57,40.292
20-02-2014 17:02,48.45
20-02-2014 17:07,43.068
20-02-2014 17:12,40.54
20-02-2014 17:17,46.118
20-02-2014 17:22,42.676
20-02-2014 17:27,41.852
20-02-2014 17:32,42.84
20-02-2014 17:37,41.738
20-02-2014 17:42,43.24
20-02-2014 17:47,43.968
20-02-2014 17:52,38.944
20-02-2014 17:57,51.056
20-02-2014 18:02,41.854
20-02-2014 18:07,42.7
20-02-2014 18:12,45.376
20-02-2014 18:17,43.118
20-02-2014 18:22,42.746
20-02-2014 18:27,43.24
20-02-2014 18:32,39.778
20-02-2014 18:37,49.152
20-02-2014 18:42,41.03
20-02-2014 18:47,40.664
20-02-2014 18:52,44.484
20-02-2014 18:57,45.282
20-02-2014 19:02,42.816
20-02-2014 19:07,47.228
20-02-2014 19:12,42.712
20-02-2014 19:17,42.96
20-02-2014 19:22,43.1
20-02-2014 19:27,38.802
20-02-2014 19:32,49.428
20-02-2014 19:37,41.69
20-02-2014 19:42,40.536
20-02-2014 19:47,45.328
20-02-2014 19:52,43.522
20-02-2014 19:57,44.176
20-02-2014 20:02,43.78
20-02-2014 20:07,40.352
20-02-2014 20:12,47.018
20-02-2014 20:17,43.004
20-02-2014 20:22,41.066
20-02-2014 20:27,44.554
20-02-2014 20:32,43.284
20-02-2014 20:37,42.12
20-02-2014 20:42,43.524
20-02-2014 20:47,38.896
20-02-2014 20:52,48.826
20-02-2014 20:57,42.994
20-02-2014 21:02,40.162
20-02-2014 21:07,47.048
20-02-2014 21:12,43.052
20-02-2014 21:17,41.738
20-02-2014 21:22,43.944
20-02-2014 21:27,39.66
20-02-2014 21:32,48.028
20-02-2014 21:37,42.126
20-02-2014 21:42,39.806
20-02-2014 21:47,46.01
20-02-2014 21:52,43.732
20-02-2014 21:57,44.672
20-02-2014 22:02,43.968
20-02-2014 22:07,40.61
20-02-2014 22:12,47.582
20-02-2014 22:17,43.826
20-02-2014 22:22,39.178
20-02-2014 22:27,47.606
20-02-2014 22:32,44.026
20-02-2014 22:37,42.138
20-02-2014 22:42,43.09
20-02-2014 22:47,39.554
20-02-2014 22:52,47.558
20-02-2014 22:57,45.094
20-02-2014 23:02,43.116
20-02-2014 23:07,45.4
20-02-2014 23:12,39.882
20-02-2014 23:17,45.986
20-02-2014 23:22,43.892
20-02-2014 23:27,43.43
20-02-2014 23:32,42.594
20-02-2014 23:37,40.282
20-02-2014 23:42,45.038
20-02-2014 23:47,42.794
20-02-2014 23:52,44.294
20-02-2014 23:57,43.806
21-02-2014 00:02,41.08
21-02-2014 00:07,46.486
21-02-2014 00:12,39.108
21-02-2014 00:17,49.694
21-02-2014 00:22,42.37
21-02-2014 00:27,41.336
21-02-2014 00:32,44.586
21-02-2014 00:37,38.708
21-02-2014 00:42,49.062
21-02-2014 00:47,41.008
21-02-2014 00:52,42.348
21-02-2014 00:57,45.306
21-02-2014 01:02,40.184
21-02-2014 01:07,48.668
21-02-2014 01:12,42.558
21-02-2014 01:17,43.24
21-02-2014 01:22,42.394
21-02-2014 01:27,40.14
21-02-2014 01:32,45.916
21-02-2014 01:37,42.392
21-02-2014 01:42,43.592
21-02-2014 01:47,42.63
21-02-2014 01:52,40.42
21-02-2014 01:57,47.536
21-02-2014 02:02,43.428
21-02-2014 02:07,46.22
21-02-2014 02:12,41.666
21-02-2014 02:17,41.754
21-02-2014 02:22,46.902
21-02-2014 02:27,43.216
21-02-2014 02:32,44.296
21-02-2014 02:37,42.63
21-02-2014 02:42,41.83
21-02-2014 02:47,44.788
21-02-2014 02:52,38.958
21-02-2014 02:57,51.83
21-02-2014 03:02,41.9
21-02-2014 03:07,44.58
21-02-2014 03:12,44.86
21-02-2014 03:17,38.662
21-02-2014 03:22,48.708
21-02-2014 03:27,41.714
21-02-2014 03:32,42.184
21-02-2014 03:37,43.708
21-02-2014 03:42,41.126
21-02-2014 03:47,47.394
21-02-2014 03:52,42.784
21-02-2014 03:57,45.164
21-02-2014 04:02,43.686
21-02-2014 04:07,41.314
21-02-2014 04:12,47.936
21-02-2014 04:17,42.856
21-02-2014 04:22,43.568
21-02-2014 04:27,43.248
21-02-2014 04:32,40.508
21-02-2014 04:37,47.464
21-02-2014 04:42,42.972
21-02-2014 04:47,42.092
21-02-2014 04:52,43.474
21-02-2014 04:57,41.576
21-02-2014 05:02,50.178
21-02-2014 05:07,42.574
21-02-2014 05:12,42.21
21-02-2014 05:17,43.972
21-02-2014 05:22,38.708
21-02-2014 05:27,48.568
21-02-2014 05:32,41.988
21-02-2014 05:37,42.84
21-02-2014 05:42,44.762
21-02-2014 05:47,39.47
21-02-2014 05:52,47.042
21-02-2014 05:57,45.4
21-02-2014 06:02,43.31
21-02-2014 06:07,45.294
21-02-2014 06:12,40.338
21-02-2014 06:17,47.676
21-02-2014 06:22,44.272
21-02-2014 06:27,43.752
21-02-2014 06:32,43.118
21-02-2014 06:37,39.76
21-02-2014 06:42,47.418
21-02-2014 06:47,43.334
21-02-2014 06:52,42.84
21-02-2014 06:57,44.882
21-02-2014 07:02,39.022
21-02-2014 07:07,48.756
21-02-2014 07:12,42.816
21-02-2014 07:17,42.464
21-02-2014 07:22,44.014
21-02-2014 07:27,43.846
21-02-2014 07:32,42.49
21-02-2014 07:37,42.272
21-02-2014 07:42,39.486
21-02-2014 07:47,46.408
21-02-2014 07:52,43.802
21-02-2014 07:57,43.802
21-02-2014 08:02,44.178
21-02-2014 08:07,40.68
21-02-2014 08:12,49.108
21-02-2014 08:17,41.666
21-02-2014 08:22,43.146
21-02-2014 08:27,43.702
21-02-2014 08:32,38.826
21-02-2014 08:37,48.38
21-02-2014 08:42,41.714
21-02-2014 08:47,41.712
21-02-2014 08:52,45.118
21-02-2014 08:57,40.936
21-02-2014 09:02,49.068
21-02-2014 09:07,43.286
21-02-2014 09:12,42.3
21-02-2014 09:17,44.342
21-02-2014 09:22,38.92
21-02-2014 09:27,49.952
21-02-2014 09:32,42.042
21-02-2014 09:37,40.798
21-02-2014 09:42,44.554
21-02-2014 09:47,38.902
21-02-2014 09:52,48.638
21-02-2014 09:57,43.498
21-02-2014 10:02,41.36
21-02-2014 10:07,47.872
21-02-2014 10:12,42.828
21-02-2014 10:17,43.746
21-02-2014 10:22,42.854
21-02-2014 10:27,40.138
21-02-2014 10:32,46.362
21-02-2014 10:37,43.192
21-02-2014 10:42,43.38
21-02-2014 10:47,43.732
21-02-2014 10:52,40.04
21-02-2014 10:57,51.032
21-02-2014 11:02,42.828
21-02-2014 11:07,44.178
21-02-2014 11:12,43.45
21-02-2014 11:17,38.966
21-02-2014 11:22,47.37
21-02-2014 11:27,42.982
21-02-2014 11:32,41.83
21-02-2014 11:37,44.202
21-02-2014 11:42,38.486
21-02-2014 11:47,48.828
21-02-2014 11:52,41.478
21-02-2014 11:57,43.944
21-02-2014 12:02,43.828
21-02-2014 12:07,40.54
21-02-2014 12:12,48.122
21-02-2014 12:17,41.878
21-02-2014 12:22,42.512
21-02-2014 12:27,44.178
21-02-2014 12:32,40.642
21-02-2014 12:37,48.544
21-02-2014 12:42,43.586
21-02-2014 12:47,43.262
21-02-2014 12:52,43.638
21-02-2014 12:57,41.426
21-02-2014 13:02,49.538
21-02-2014 13:07,42.788
21-02-2014 13:12,42.184
21-02-2014 13:17,43.2
21-02-2014 13:22,39.454
21-02-2014 13:27,46.374
21-02-2014 13:32,42.958
21-02-2014 13:37,42.254
21-02-2014 13:42,41.65
21-02-2014 13:47,38.662
21-02-2014 13:52,48.066
21-02-2014 13:57,44.114
21-02-2014 14:02,42.888
21-02-2014 14:07,45.404
21-02-2014 14:12,38.756
21-02-2014 14:17,48.942
21-02-2014 14:22,42.112
21-02-2014 14:27,43.522
21-02-2014 14:32,43.508
21-02-2014 14:37,40.888
21-02-2014 14:42,47.3
21-02-2014 14:47,42.794
21-02-2014 14:52,43.904
21-02-2014 14:57,45.234
21-02-2014 15:02,39.53
21-02-2014 15:07,48.686
21-02-2014 15:12,41.83
21-02-2014 15:17,42.09
21-02-2014 15:22,43.756
21-02-2014 15:27,39.906
21-02-2014 15:32,47.06
21-02-2014 15:37,43.144
21-02-2014 15:42,42.018
21-02-2014 15:47,43.954
21-02-2014 15:52,39.014
21-02-2014 15:57,48.736
21-02-2014 16:02,44.414
21-02-2014 16:07,45.188
21-02-2014 16:12,43.296
21-02-2014 16:17,39.624
21-02-2014 16:22,45.67
21-02-2014 16:27,43.638
21-02-2014 16:32,43.356
21-02-2014 16:37,42.536
21-02-2014 16:42,41.478
21-02-2014 16:47,45.232
21-02-2014 16:52,38.92
21-02-2014 16:57,50.978
21-02-2014 17:02,41.868
21-02-2014 17:07,44.014
21-02-2014 17:12,46.338
21-02-2014 17:17,43.662
21-02-2014 17:22,43.886
21-02-2014 17:27,42.224
21-02-2014 17:32,41.636
21-02-2014 17:37,46.342
21-02-2014 17:42,43.474
21-02-2014 17:47,43.544
21-02-2014 17:52,43.162
21-02-2014 17:57,42.216
21-02-2014 18:02,46.996
21-02-2014 18:07,44.652
21-02-2014 18:12,44.154
21-02-2014 18:17,43.004
21-02-2014 18:22,39.766
21-02-2014 18:27,46.45
21-02-2014 18:32,43.214
21-02-2014 18:37,43.16
21-02-2014 18:42,42.652
21-02-2014 18:47,41.22
21-02-2014 18:52,45.798
21-02-2014 18:57,44.93
21-02-2014 19:02,43.686
21-02-2014 19:07,46.446
21-02-2014 19:12,40.744
21-02-2014 19:17,45.456
21-02-2014 19:22,43.004
21-02-2014 19:27,43.874
21-02-2014 19:32,41.552
21-02-2014 19:37,41.808
21-02-2014 19:42,44.802
21-02-2014 19:47,38.454
21-02-2014 19:52,46.596
21-02-2014 19:57,44.918
21-02-2014 20:02,43.064
21-02-2014 20:07,46.62
21-02-2014 20:12,40.14
21-02-2014 20:17,47.112
21-02-2014 20:22,43.686
21-02-2014 20:27,42.464
21-02-2014 20:32,43.17
21-02-2014 20:37,39.484
21-02-2014 20:42,47.63
21-02-2014 20:47,43.108
21-02-2014 20:52,43.356
21-02-2014 20:57,46.018
21-02-2014 21:02,39.784
21-02-2014 21:07,49.32
21-02-2014 21:12,43.586
21-02-2014 21:17,42.654
21-02-2014 21:22,43.802
21-02-2014 21:27,38.918
21-02-2014 21:32,47.35
21-02-2014 21:37,42.84
21-02-2014 21:42,43.338
21-02-2014 21:47,43.052
21-02-2014 21:52,40.62
21-02-2014 21:57,47.394
21-02-2014 22:02,42.934
21-02-2014 22:07,45.54
21-02-2014 22:12,42.16
21-02-2014 22:17,40.938
21-02-2014 22:22,45.254
21-02-2014 22:27,38.732
21-02-2014 22:32,48.45
21-02-2014 22:37,41.428
21-02-2014 22:42,42.864
21-02-2014 22:47,43.85
21-02-2014 22:52,39.836
21-02-2014 22:57,50.394
21-02-2014 23:02,43.936
21-02-2014 23:07,44.146
21-02-2014 23:12,43.708
21-02-2014 23:17,39.87
21-02-2014 23:22,47.746
21-02-2014 23:27,43.004
21-02-2014 23:32,41.478
21-02-2014 23:37,43.994
21-02-2014 23:42,38.8
21-02-2014 23:47,45.376
21-02-2014 23:52,43.31
21-02-2014 23:57,44.812
22-02-2014 00:02,43.582
22-02-2014 00:07,41.276
22-02-2014 00:12,46.916
22-02-2014 00:17,42.696
22-02-2014 00:22,43.522
22-02-2014 00:27,42.794
22-02-2014 00:32,39.636
22-02-2014 00:37,47.184
22-02-2014 00:42,43.004
22-02-2014 00:47,41.67
22-02-2014 00:52,44.46
22-02-2014 00:57,41.314
22-02-2014 01:02,49.562
22-02-2014 01:07,42.918
22-02-2014 01:12,43.662
22-02-2014 01:17,42.77
22-02-2014 01:22,40.282
22-02-2014 01:27,46.168
22-02-2014 01:32,38.428
22-02-2014 01:37,48.99
22-02-2014 01:42,43.38
22-02-2014 01:47,41.366
22-02-2014 01:52,44.154
22-02-2014 01:57,41.568
22-02-2014 02:02,49.578
22-02-2014 02:07,43.638
22-02-2014 02:12,42.026
22-02-2014 02:17,44.48
22-02-2014 02:22,39.196
22-02-2014 02:27,47.256
22-02-2014 02:32,42.394
22-02-2014 02:37,42.864
22-02-2014 02:42,42.63
22-02-2014 02:47,40.43
22-02-2014 02:52,46.62
22-02-2014 02:57,45.024
22-02-2014 03:02,40.54
22-02-2014 03:07,47.63
22-02-2014 03:12,39.132
22-02-2014 03:17,48.59
22-02-2014 03:22,41.854
22-02-2014 03:27,42.348
22-02-2014 03:32,44.014
22-02-2014 03:37,39.684
22-02-2014 03:42,47.37
22-02-2014 03:47,43.216
22-02-2014 03:52,43.076
22-02-2014 03:57,45.4
22-02-2014 04:02,39.078
22-02-2014 04:07,49.466
22-02-2014 04:12,43.084
22-02-2014 04:17,42.864
22-02-2014 04:22,43.24
22-02-2014 04:27,40.046
22-02-2014 04:32,46.384
22-02-2014 04:37,39.122
22-02-2014 04:42,49.788
22-02-2014 04:47,42.042
22-02-2014 04:52,41.948
22-02-2014 04:57,47.582
22-02-2014 05:02,39.038
22-02-2014 05:07,50.938
22-02-2014 05:12,42.636
22-02-2014 05:17,41.31
22-02-2014 05:22,45.046
22-02-2014 05:27,39.506
22-02-2014 05:32,47.676
22-02-2014 05:37,42.676
22-02-2014 05:42,41.478
22-02-2014 05:47,44.102
22-02-2014 05:52,38.708
22-02-2014 05:57,49.178
22-02-2014 06:02,43.544
22-02-2014 06:07,43.826
22-02-2014 06:12,44.038
22-02-2014 06:17,38.522
22-02-2014 06:22,48.826
22-02-2014 06:27,42.048
22-02-2014 06:32,42.582
22-02-2014 06:37,44.554
22-02-2014 06:42,39.014
22-02-2014 06:47,48.874
22-02-2014 06:52,42.13
22-02-2014 06:57,44.554
22-02-2014 07:02,44.436
22-02-2014 07:07,41.52
22-02-2014 07:12,48.524
22-02-2014 07:17,42.37
22-02-2014 07:22,43.262
22-02-2014 07:27,43.712
22-02-2014 07:32,40.376
22-02-2014 07:37,47.184
22-02-2014 07:42,41.57
22-02-2014 07:47,43.756
22-02-2014 07:52,43.122
22-02-2014 07:57,41.714
22-02-2014 08:02,46.22
22-02-2014 08:07,44.86
22-02-2014 08:12,43.098
22-02-2014 08:17,42.84
22-02-2014 08:22,39.8
22-02-2014 08:27,44.86
22-02-2014 08:32,41.478
22-02-2014 08:37,41.878
22-02-2014 08:42,43.686
22-02-2014 08:47,40.046
22-02-2014 08:52,47.09
22-02-2014 08:57,44.43
22-02-2014 09:02,43.206
22-02-2014 09:07,45.522
22-02-2014 09:12,40.492
22-02-2014 09:17,46.55
22-02-2014 09:22,44.202
22-02-2014 09:27,44.934
22-02-2014 09:32,42.548
22-02-2014 09:37,40.586
22-02-2014 09:42,45.822
22-02-2014 09:47,43.014
22-02-2014 09:52,43.92
22-02-2014 09:57,45.07
22-02-2014 10:02,40.352
22-02-2014 10:07,47.588
22-02-2014 10:12,42.558
22-02-2014 10:17,43.802
22-02-2014 10:22,41.998
22-02-2014 10:27,42.018
22-02-2014 10:32,41.666
22-02-2014 10:37,38.74
22-02-2014 10:42,49.788
22-02-2014 10:47,41.844
22-02-2014 10:52,41.22
22-02-2014 10:57,46.244
22-02-2014 11:02,44.672
22-02-2014 11:07,45.234
22-02-2014 11:12,40.798
22-02-2014 11:17,40.822
22-02-2014 11:22,46.006
22-02-2014 11:27,39.604
22-02-2014 11:32,48.934
22-02-2014 11:37,41.408
22-02-2014 11:42,42.066
22-02-2014 11:47,45.164
22-02-2014 11:52,38.632
22-02-2014 11:57,49.384
22-02-2014 12:02,42.968
22-02-2014 12:07,45.188
22-02-2014 12:12,43.046
22-02-2014 12:17,39.474
22-02-2014 12:22,49.694
22-02-2014 12:27,41.356
22-02-2014 12:32,42.048
22-02-2014 12:37,43.802
22-02-2014 12:42,39.648
22-02-2014 12:47,46.304
22-02-2014 12:52,43.076
22-02-2014 12:57,45.47
22-02-2014 13:02,42.952
22-02-2014 13:07,41.98
22-02-2014 13:12,44.694
22-02-2014 13:17,43.41
22-02-2014 13:22,43.99
22-02-2014 13:27,43.662
22-02-2014 13:32,41.976
22-02-2014 13:37,44.954
22-02-2014 13:42,39.062
22-02-2014 13:47,48.07
22-02-2014 13:52,40.822
22-02-2014 13:57,42.94
22-02-2014 14:02,46.146
22-02-2014 14:07,40.002
22-02-2014 14:12,49.178
22-02-2014 14:17,40.54
22-02-2014 14:22,41.614
22-02-2014 14:27,44.366
22-02-2014 14:32,39.038
22-02-2014 14:37,49.14
22-02-2014 14:42,41.872
22-02-2014 14:47,42.162
22-02-2014 14:52,42.718
22-02-2014 14:57,40.752
22-02-2014 15:02,49.46
22-02-2014 15:07,42.652
22-02-2014 15:12,43.404
22-02-2014 15:17,42.652
22-02-2014 15:22,40.234
22-02-2014 15:27,46.55
22-02-2014 15:32,43.7
22-02-2014 15:37,44.86
22-02-2014 15:42,41.544
22-02-2014 15:47,42.028
22-02-2014 15:52,44.624
22-02-2014 15:57,40.54
22-02-2014 16:02,49.672
22-02-2014 16:07,43.106
22-02-2014 16:12,41.292
22-02-2014 16:17,45.136
22-02-2014 16:22,38.874
22-02-2014 16:27,49.054
22-02-2014 16:32,41.086
22-02-2014 16:37,41.244
22-02-2014 16:42,44.484
22-02-2014 16:47,38.404
22-02-2014 16:52,48.99
22-02-2014 16:57,43.084
22-02-2014 17:02,41.972
22-02-2014 17:07,46.83
22-02-2014 17:12,39.408
22-02-2014 17:17,45.974
22-02-2014 17:22,43.052
22-02-2014 17:27,44.624
22-02-2014 17:32,41.606
22-02-2014 17:37,41.198
22-02-2014 17:42,46.478
22-02-2014 17:47,39.414
22-02-2014 17:52,50.104
22-02-2014 17:57,43.094
22-02-2014 18:02,41.854
22-02-2014 18:07,46.478
22-02-2014 18:12,38.944
22-02-2014 18:17,46.808
22-02-2014 18:22,42.864
22-02-2014 18:27,42.958
22-02-2014 18:32,43.122
22-02-2014 18:37,39.882
22-02-2014 18:42,46.338
22-02-2014 18:47,42.664
22-02-2014 18:52,43.732
22-02-2014 18:57,45.356
22-02-2014 19:02,40.446
22-02-2014 19:07,47.324
22-02-2014 19:12,44.366
22-02-2014 19:17,43.478
22-02-2014 19:22,41.936
22-02-2014 19:27,40.47
22-02-2014 19:32,46.408
22-02-2014 19:37,42.63
22-02-2014 19:42,43.322
22-02-2014 19:47,43.826
22-02-2014 19:52,39.32
22-02-2014 19:57,49.062
22-02-2014 20:02,41.62
22-02-2014 20:07,44.836
22-02-2014 20:12,43.404
22-02-2014 20:17,39.186
22-02-2014 20:22,49.672
22-02-2014 20:27,41.666
22-02-2014 20:32,41.826
22-02-2014 20:37,44.624
22-02-2014 20:42,38.732
22-02-2014 20:47,46.954
22-02-2014 20:52,43.146
22-02-2014 20:57,43.708
22-02-2014 21:02,42.3
22-02-2014 21:07,39.622
22-02-2014 21:12,47.536
22-02-2014 21:17,43.26
22-02-2014 21:22,42.864
22-02-2014 21:27,44.154
22-02-2014 21:32,38.78
22-02-2014 21:37,47.198
22-02-2014 21:42,42.606
22-02-2014 21:47,43.686
22-02-2014 21:52,43.378
22-02-2014 21:57,43.182
22-02-2014 22:02,44.972
22-02-2014 22:07,45.104
22-02-2014 22:12,43.99
22-02-2014 22:17,43.544
22-02-2014 22:22,40.118
22-02-2014 22:27,45.298
22-02-2014 22:32,42.578
22-02-2014 22:37,43.34
22-02-2014 22:42,42.696
22-02-2014 22:47,40.282
22-02-2014 22:52,45.63
22-02-2014 22:57,45.234
22-02-2014 23:02,42.934
22-02-2014 23:07,44.624
22-02-2014 23:12,39.28
22-02-2014 23:17,46.83
22-02-2014 23:22,43.058
22-02-2014 23:27,43.076
22-02-2014 23:32,41.756
22-02-2014 23:37,41.312
22-02-2014 23:42,44.722
22-02-2014 23:47,38.31
22-02-2014 23:52,49.452
22-02-2014 23:57,43.896
23-02-2014 00:02,42.408
23-02-2014 00:07,46.268
23-02-2014 00:12,39.948
23-02-2014 00:17,48.85
23-02-2014 00:22,41.644
23-02-2014 00:27,42.488
23-02-2014 00:32,43.706
23-02-2014 00:37,39.93
23-02-2014 00:42,48.462
23-02-2014 00:47,41.332
23-02-2014 00:52,42.888
23-02-2014 00:57,45.612
23-02-2014 01:02,39.324
23-02-2014 01:07,48.732
23-02-2014 01:12,43.176
23-02-2014 01:17,43.312
23-02-2014 01:22,44.188
23-02-2014 01:27,39.456
23-02-2014 01:32,46.918
23-02-2014 01:37,42.606
23-02-2014 01:42,41.714
23-02-2014 01:47,43.896
23-02-2014 01:52,39.718
23-02-2014 01:57,51.384
23-02-2014 02:02,42.43
23-02-2014 02:07,44.068
23-02-2014 02:12,44.954
23-02-2014 02:17,39.166
23-02-2014 02:22,46.924
23-02-2014 02:27,41.478
23-02-2014 02:32,41.996
23-02-2014 02:37,43.978
23-02-2014 02:42,37.276
23-02-2014 02:47,47.23
23-02-2014 02:52,42.63
23-02-2014 02:57,44.108
23-02-2014 03:02,42.91
23-02-2014 03:07,41.15
23-02-2014 03:12,46.55
23-02-2014 03:17,44.802
23-02-2014 03:22,42.724
23-02-2014 03:27,43.582
23-02-2014 03:32,39.86
23-02-2014 03:37,47.348
23-02-2014 03:42,43.17
23-02-2014 03:47,42.982
23-02-2014 03:52,43.036
23-02-2014 03:57,41.42
23-02-2014 04:02,47.91
23-02-2014 04:07,45.306
23-02-2014 04:12,42.586
23-02-2014 04:17,43.868
23-02-2014 04:22,38.49
23-02-2014 04:27,47.562
23-02-2014 04:32,43.004
23-02-2014 04:37,41.772
23-02-2014 04:42,43.592
23-02-2014 04:47,40.376
23-02-2014 04:52,45.972
23-02-2014 04:57,45.188
23-02-2014 05:02,43.218
23-02-2014 05:07,45.094
23-02-2014 05:12,40.14
23-02-2014 05:17,47.84
23-02-2014 05:22,41.748
23-02-2014 05:27,41.83
23-02-2014 05:32,44.47
23-02-2014 05:37,38.646
23-02-2014 05:42,49.062
23-02-2014 05:47,42.37
23-02-2014 05:52,41.652
23-02-2014 05:57,45.932
23-02-2014 06:02,39.244
23-02-2014 06:07,51.488
23-02-2014 06:12,41.096
23-02-2014 06:17,42.138
23-02-2014 06:22,44.53
23-02-2014 06:27,39.014
23-02-2014 06:32,47.442
23-02-2014 06:37,42.978
23-02-2014 06:42,43.574
23-02-2014 06:47,42.888
23-02-2014 06:52,39.836
23-02-2014 06:57,48.356
23-02-2014 07:02,43.592
23-02-2014 07:07,45.61
23-02-2014 07:12,42.366
23-02-2014 07:17,40.214
23-02-2014 07:22,44.448
23-02-2014 07:27,43.048
23-02-2014 07:32,42.958
23-02-2014 07:37,43.428
23-02-2014 07:42,39.038
23-02-2014 07:47,46.644
23-02-2014 07:52,42.724
23-02-2014 07:57,44.718
23-02-2014 08:02,44.32
23-02-2014 08:07,41.338
23-02-2014 08:12,49.19
23-02-2014 08:17,43.568
23-02-2014 08:22,43.006
23-02-2014 08:27,42.982
23-02-2014 08:32,39.53
23-02-2014 08:37,46.478
23-02-2014 08:42,43.428
23-02-2014 08:47,43.316
23-02-2014 08:52,44.202
23-02-2014 08:57,41.444
23-02-2014 09:02,46.902
23-02-2014 09:07,45.564
23-02-2014 09:12,41.762
23-02-2014 09:17,44.174
23-02-2014 09:22,38.84
23-02-2014 09:27,47.378
23-02-2014 09:32,43.544
23-02-2014 09:37,43.568
23-02-2014 09:42,42.924
23-02-2014 09:47,40.492
23-02-2014 09:52,45.816
23-02-2014 09:57,40.868
23-02-2014 10:02,49.448
23-02-2014 10:07,41.508
23-02-2014 10:12,40.212
23-02-2014 10:17,45.822
23-02-2014 10:22,40.156
23-02-2014 10:27,49.334
23-02-2014 10:32,41.104
23-02-2014 10:37,41.642
23-02-2014 10:42,44.062
23-02-2014 10:47,38.638
23-02-2014 10:52,48.324
23-02-2014 10:57,43.42
23-02-2014 11:02,42.756
23-02-2014 11:07,46.752
23-02-2014 11:12,39.836
23-02-2014 11:17,49.216
23-02-2014 11:22,42.184
23-02-2014 11:27,41.83
23-02-2014 11:32,43.638
23-02-2014 11:37,38.618
23-02-2014 11:42,45.448
23-02-2014 11:47,42.7
23-02-2014 11:52,41.972
23-02-2014 11:57,46.658
23-02-2014 12:02,38.836
23-02-2014 12:07,49.788
23-02-2014 12:12,41.526
23-02-2014 12:17,41.55
23-02-2014 12:22,44.264
23-02-2014 12:27,39.892
23-02-2014 12:32,48.334
23-02-2014 12:37,41.948
23-02-2014 12:42,42.074
23-02-2014 12:47,43.806
23-02-2014 12:52,38.732
23-02-2014 12:57,48.92
23-02-2014 13:02,43.756
23-02-2014 13:07,45.084
23-02-2014 13:12,42.82
23-02-2014 13:17,40.53
23-02-2014 13:22,45.518
23-02-2014 13:27,39.338
23-02-2014 13:32,48.686
23-02-2014 13:37,40.774
23-02-2014 13:42,41.748
23-02-2014 13:47,44.948
23-02-2014 13:52,39.152
23-02-2014 13:57,51.028
23-02-2014 14:02,41.08
23-02-2014 14:07,44.108
23-02-2014 14:12,43.322
23-02-2014 14:17,39.924
23-02-2014 14:22,47.002
23-02-2014 14:27,43.498
23-02-2014 14:32,44.694
23-02-2014 14:37,42.136
23-02-2014 14:42,40.61
23-02-2014 14:47,45.962
23-02-2014 14:52,43.154
23-02-2014 14:57,45.734
23-02-2014 15:02,42.918
23-02-2014 15:07,42.294
23-02-2014 15:12,45.516
23-02-2014 15:17,38.568
23-02-2014 15:22,49.052
23-02-2014 15:27,40.916
23-02-2014 15:32,42.562
23-02-2014 15:37,44.154
23-02-2014 15:42,38.564
23-02-2014 15:47,49.056
23-02-2014 15:52,41.374
23-02-2014 15:57,44.758
23-02-2014 16:02,43.802
23-02-2014 16:07,41.08
23-02-2014 16:12,46.452
23-02-2014 16:17,42.764
23-02-2014 16:22,43.842
23-02-2014 16:27,43.474
23-02-2014 16:32,39.742
23-02-2014 16:37,48.61
23-02-2014 16:42,42.822
23-02-2014 16:47,43.372
23-02-2014 16:52,45.07
23-02-2014 16:57,45.892
23-02-2014 17:02,43.544
23-02-2014 17:07,45.962
23-02-2014 17:12,40.306
23-02-2014 17:17,45.234
23-02-2014 17:22,42.714
23-02-2014 17:27,43.258
23-02-2014 17:32,42.206
23-02-2014 17:37,41.104
23-02-2014 17:42,44.93
23-02-2014 17:47,38.76
23-02-2014 17:52,48.454
23-02-2014 17:57,41.878
23-02-2014 18:02,42.052
23-02-2014 18:07,45.868
23-02-2014 18:12,38.886
23-02-2014 18:17,47.092
23-02-2014 18:22,43.076
23-02-2014 18:27,43.686
23-02-2014 18:32,42.942
23-02-2014 18:37,40.892
23-02-2014 18:42,47.176
23-02-2014 18:47,38.77
23-02-2014 18:52,49.116
23-02-2014 18:57,43.334
23-02-2014 19:02,41.948
23-02-2014 19:07,46.948
23-02-2014 19:12,38.874
23-02-2014 19:17,46.952
23-02-2014 19:22,42.536
23-02-2014 19:27,42.066
23-02-2014 19:32,43.478
23-02-2014 19:37,40.704
23-02-2014 19:42,46.712
23-02-2014 19:47,43.78
23-02-2014 19:52,43.642
23-02-2014 19:57,44.252
23-02-2014 20:02,40.234
23-02-2014 20:07,47.84
23-02-2014 20:12,42.934
23-02-2014 20:17,43.75
23-02-2014 20:22,42.386
23-02-2014 20:27,40.658
23-02-2014 20:32,46.222
23-02-2014 20:37,42.676
23-02-2014 20:42,43.788
23-02-2014 20:47,44.596
23-02-2014 20:52,39.366
23-02-2014 20:57,50.61
23-02-2014 21:02,41.666
23-02-2014 21:07,44.132
23-02-2014 21:12,44.038
23-02-2014 21:17,39.378
23-02-2014 21:22,46.644
23-02-2014 21:27,42.612
23-02-2014 21:32,43.602
23-02-2014 21:37,42.396
23-02-2014 21:42,40.492
23-02-2014 21:47,46.006
23-02-2014 21:52,42.724
23-02-2014 21:57,45.32
23-02-2014 22:02,42.91
23-02-2014 22:07,41.902
23-02-2014 22:12,46.724
23-02-2014 22:17,43.034
23-02-2014 22:22,43.826
23-02-2014 22:27,44.338
23-02-2014 22:32,39.86
23-02-2014 22:37,46.22
23-02-2014 22:42,43.146
23-02-2014 22:47,44.248
23-02-2014 22:52,40.728
23-02-2014 22:57,41.352
23-02-2014 23:02,49.518
23-02-2014 23:07,43.978
23-02-2014 23:12,42.606
23-02-2014 23:17,43.686
23-02-2014 23:22,38.61
23-02-2014 23:27,47.3
23-02-2014 23:32,42.816
23-02-2014 23:37,42.142
23-02-2014 23:42,44.6
23-02-2014 23:47,39.014
23-02-2014 23:52,47.444
23-02-2014 23:57,45.808
24-02-2014 00:02,43.024
24-02-2014 00:07,45.128
24-02-2014 00:12,39.578
24-02-2014 00:17,47.302
24-02-2014 00:22,43.474
24-02-2014 00:27,42.944
24-02-2014 00:32,43.3
24-02-2014 00:37,39.694
24-02-2014 00:42,48.216
24-02-2014 00:47,42.816
24-02-2014 00:52,42.288
24-02-2014 00:57,46.902
24-02-2014 01:02,38.882
24-02-2014 01:07,49.226
24-02-2014 01:12,43.498
24-02-2014 01:17,42.352
24-02-2014 01:22,44.038
24-02-2014 01:27,39.314
24-02-2014 01:32,48.944
24-02-2014 01:37,41.948
24-02-2014 01:42,43.662
24-02-2014 01:47,43.732
24-02-2014 01:52,40.046
24-02-2014 01:57,49.35
24-02-2014 02:02,43.216
24-02-2014 02:07,44.268
24-02-2014 02:12,43.32
24-02-2014 02:17,38.838
24-02-2014 02:22,47.254
24-02-2014 02:27,42.982
24-02-2014 02:32,42.296
24-02-2014 02:37,43.998
24-02-2014 02:42,38.99
24-02-2014 02:47,47.37
24-02-2014 02:52,43.326
24-02-2014 02:57,44.84
24-02-2014 03:02,45.634
24-02-2014 03:07,41.516
24-02-2014 03:12,46.848
24-02-2014 03:17,43.592
24-02-2014 03:22,43.052
24-02-2014 03:27,43.528
24-02-2014 03:32,39.836
24-02-2014 03:37,46.906
24-02-2014 03:42,43.826
24-02-2014 03:47,43.532
24-02-2014 03:52,43.372
24-02-2014 03:57,42.128
24-02-2014 04:02,46.952
24-02-2014 04:07,45.024
24-02-2014 04:12,43.206
24-02-2014 04:17,43.404
24-02-2014 04:22,39.08
24-02-2014 04:27,45.846
24-02-2014 04:32,42.09
24-02-2014 04:37,42.7
24-02-2014 04:42,44.734
24-02-2014 04:47,39.446
24-02-2014 04:52,46.924
24-02-2014 04:57,45.446
24-02-2014 05:02,42.606
24-02-2014 05:07,46.83
24-02-2014 05:12,40.094
24-02-2014 05:17,47.442
24-02-2014 05:22,43.404
24-02-2014 05:27,43.474
24-02-2014 05:32,44.158
24-02-2014 05:37,39.958
24-02-2014 05:42,50.066
24-02-2014 05:47,41.808
24-02-2014 05:52,42.35
24-02-2014 05:57,46.176
24-02-2014 06:02,39.366
24-02-2014 06:07,48.5
24-02-2014 06:12,43.428
24-02-2014 06:17,43.898
24-02-2014 06:22,42.326
24-02-2014 06:27,41.268
24-02-2014 06:32,45.236
24-02-2014 06:37,39.346
24-02-2014 06:42,49.47
24-02-2014 06:47,41.666
24-02-2014 06:52,41.76
24-02-2014 06:57,46.752
24-02-2014 07:02,39.098
24-02-2014 07:07,49.436
24-02-2014 07:12,43.92
24-02-2014 07:17,42.156
24-02-2014 07:22,45.024
24-02-2014 07:27,39.226
24-02-2014 07:32,49.414
24-02-2014 07:37,42.276
24-02-2014 07:42,40.4
24-02-2014 07:47,44.804
24-02-2014 07:52,39.672
24-02-2014 07:57,51.658
24-02-2014 08:02,42.3
24-02-2014 08:07,44.554
24-02-2014 08:12,44.582
24-02-2014 08:17,38.802
24-02-2014 08:22,49.138
24-02-2014 08:27,41.814
24-02-2014 08:32,42.348
24-02-2014 08:37,43.522
24-02-2014 08:42,38.944
24-02-2014 08:47,47.112
24-02-2014 08:52,43.686
24-02-2014 08:57,45.516
24-02-2014 09:02,43.662
24-02-2014 09:07,41.502
24-02-2014 09:12,46.76
24-02-2014 09:17,43.896
24-02-2014 09:22,44.202
24-02-2014 09:27,42.112
24-02-2014 09:32,41.672
24-02-2014 09:37,46.384
24-02-2014 09:42,43.716
24-02-2014 09:47,43.996
24-02-2014 09:52,42.432
24-02-2014 09:57,42.512
24-02-2014 10:02,44.108
24-02-2014 10:07,45.422
24-02-2014 10:12,43.616
24-02-2014 10:17,42.984
24-02-2014 10:22,40.212
24-02-2014 10:27,47.16
24-02-2014 10:32,43.568
24-02-2014 10:37,43.24
24-02-2014 10:42,42.868
24-02-2014 10:47,39.86
24-02-2014 10:52,46.784
24-02-2014 10:57,45.024
24-02-2014 11:02,43.662
24-02-2014 11:07,44.404
24-02-2014 11:12,40.846
24-02-2014 11:17,45.774
24-02-2014 11:22,43.498
24-02-2014 11:27,44.366
24-02-2014 11:32,43.192
24-02-2014 11:37,41.738
24-02-2014 11:42,44.746
24-02-2014 11:47,38.744
24-02-2014 11:52,47.016
24-02-2014 11:57,44.39
24-02-2014 12:02,41.692
24-02-2014 12:07,46.056
24-02-2014 12:12,39.226
24-02-2014 12:17,47.042
24-02-2014 12:22,43.256
24-02-2014 12:27,43.414
24-02-2014 12:32,42.488
24-02-2014 12:37,39.844
24-02-2014 12:42,46.306
24-02-2014 12:47,43.19
24-02-2014 12:52,43.81
24-02-2014 12:57,44.694
24-02-2014 13:02,41.174
24-02-2014 13:07,47.39
24-02-2014 13:12,39.298
24-02-2014 13:17,49.586
24-02-2014 13:22,43.1
24-02-2014 13:27,42.184
24-02-2014 13:32,45.022
24-02-2014 13:37,39.4
24-02-2014 13:42,48.48
24-02-2014 13:47,42.308
24-02-2014 13:52,42.112
24-02-2014 13:57,46.948
24-02-2014 14:02,38.802
24-02-2014 14:07,50.634
24-02-2014 14:12,41.552
24-02-2014 14:17,41.844
24-02-2014 14:22,45.14
24-02-2014 14:27,39.272
24-02-2014 14:32,49.47
24-02-2014 14:37,42.3
24-02-2014 14:42,40.69
24-02-2014 14:47,45.916
24-02-2014 14:52,38.944
24-02-2014 14:57,51.042
24-02-2014 15:02,41.83
24-02-2014 15:07,43.17
24-02-2014 15:12,44.508
24-02-2014 15:17,39.178
24-02-2014 15:22,47.19
24-02-2014 15:27,43.708
24-02-2014 15:32,40.916
24-02-2014 15:37,43.178
24-02-2014 15:42,40.184
24-02-2014 15:47,49.428
24-02-2014 15:52,42.23
24-02-2014 15:57,44.272
24-02-2014 16:02,43.874
24-02-2014 16:07,40.912
24-02-2014 16:12,47.678
24-02-2014 16:17,42.888
24-02-2014 16:22,42.728
24-02-2014 16:27,43.432
24-02-2014 16:32,40.024
24-02-2014 16:37,45.926
24-02-2014 16:42,44.138
24-02-2014 16:47,44.248
24-02-2014 16:52,42.87
24-02-2014 16:57,41.808
24-02-2014 17:02,46.37
24-02-2014 17:07,44.6
24-02-2014 17:12,43.356
24-02-2014 17:17,43.95
24-02-2014 17:22,39.342
24-02-2014 17:27,46.268
24-02-2014 17:32,43.356
24-02-2014 17:37,44.578
24-02-2014 17:42,42.606
24-02-2014 17:47,41.902
24-02-2014 17:52,46.262
24-02-2014 17:57,44.882
24-02-2014 18:02,44.108
24-02-2014 18:07,44.53
24-02-2014 18:12,39.734
24-02-2014 18:17,41.824
24-02-2014 18:22,38.826
24-02-2014 18:27,38.542
24-02-2014 18:32,41.512
24-02-2014 18:37,34.766
24-02-2014 18:42,43.1
24-02-2014 18:47,38.826
24-02-2014 18:52,37.206
24-02-2014 18:57,42.982
24-02-2014 19:02,35.174
24-02-2014 19:07,44.766
24-02-2014 19:12,39.766
24-02-2014 19:17,35.254
24-02-2014 19:22,42.816
24-02-2014 19:27,38.916
24-02-2014 19:32,38.724
24-02-2014 19:37,40.264
24-02-2014 19:42,36.08
24-02-2014 19:47,43.098
24-02-2014 19:52,39.096
24-02-2014 19:57,39.71
24-02-2014 20:02,41.114
24-02-2014 20:07,37.066
24-02-2014 20:12,43.428
24-02-2014 20:17,39.18
24-02-2014 20:22,35.938
24-02-2014 20:27,42.724
24-02-2014 20:32,39.35
24-02-2014 20:37,38.192
24-02-2014 20:42,40.506
24-02-2014 20:47,35.774
24-02-2014 20:52,43.686
24-02-2014 20:57,41.502
24-02-2014 21:02,35.984
24-02-2014 21:07,44.642
24-02-2014 21:12,39.34
24-02-2014 21:17,37.794
24-02-2014 21:22,40.688
24-02-2014 21:27,34.86
24-02-2014 21:32,43.45
24-02-2014 21:37,39.482
24-02-2014 21:42,34.954
24-02-2014 21:47,50.728
24-02-2014 21:52,45.892
24-02-2014 21:57,68.092
24-02-2014 22:02,37.816
24-02-2014 22:07,40.446
24-02-2014 22:12,36.878
24-02-2014 22:17,37.87
24-02-2014 22:22,37.536
24-02-2014 22:27,37.564
24-02-2014 22:32,39.296
24-02-2014 22:37,36.596
24-02-2014 22:42,38.616
24-02-2014 22:47,36.478
24-02-2014 22:52,37.394
24-02-2014 22:57,39.812
24-02-2014 23:02,37.96
24-02-2014 23:07,40.516
24-02-2014 23:12,38.01
24-02-2014 23:17,37.84
24-02-2014 23:22,37.886
24-02-2014 23:27,38.076
24-02-2014 23:32,38.24
24-02-2014 23:37,37.3
24-02-2014 23:42,40.328
24-02-2014 23:47,36.83
24-02-2014 23:52,38.458
24-02-2014 23:57,39.366
25-02-2014 00:02,38.404
25-02-2014 00:07,39.272
25-02-2014 00:12,39.062
25-02-2014 00:17,36.616
25-02-2014 00:22,37.658
25-02-2014 00:27,37.77
25-02-2014 00:32,38.428
25-02-2014 00:37,37.934
25-02-2014 00:42,37.858
25-02-2014 00:47,37.672
25-02-2014 00:52,37.7
25-02-2014 00:57,40.204
25-02-2014 01:02,38.146
25-02-2014 01:07,39.568
25-02-2014 01:12,37.746
25-02-2014 01:17,38.434
25-02-2014 01:22,37.606
25-02-2014 01:27,37.832
25-02-2014 01:32,37.816
25-02-2014 01:37,38.408
25-02-2014 01:42,37.922
25-02-2014 01:47,38.808
25-02-2014 01:52,38.116
25-02-2014 01:57,40.416
25-02-2014 02:02,38.31
25-02-2014 02:07,40.678
25-02-2014 02:12,36.666
25-02-2014 02:17,37.84
25-02-2014 02:22,38.004
25-02-2014 02:27,38.122
25-02-2014 02:32,38.192
25-02-2014 02:37,38.742
25-02-2014 02:42,37.84
25-02-2014 02:47,37.558
25-02-2014 02:52,37.794
25-02-2014 02:57,40.164
25-02-2014 03:02,38.31
25-02-2014 03:07,40.316
25-02-2014 03:12,37.768
25-02-2014 03:17,40.416
25-02-2014 03:22,37.91
25-02-2014 03:27,38.686
25-02-2014 03:32,37.046
25-02-2014 03:37,38.316
25-02-2014 03:42,37.904
25-02-2014 03:47,40.098
25-02-2014 03:52,36.836
25-02-2014 03:57,40.798
25-02-2014 04:02,37.816
25-02-2014 04:07,40.352
25-02-2014 04:12,38.076
25-02-2014 04:17,37.936
25-02-2014 04:22,37.902
25-02-2014 04:27,37.888
25-02-2014 04:32,39.06
25-02-2014 04:37,36.496
25-02-2014 04:42,38.286
25-02-2014 04:47,37.394
25-02-2014 04:52,38.088
25-02-2014 04:57,39.84
25-02-2014 05:02,38.13
25-02-2014 05:07,40.54
25-02-2014 05:12,38.192
25-02-2014 05:17,37.724
25-02-2014 05:22,38.004
25-02-2014 05:27,38.756
25-02-2014 05:32,37.042
25-02-2014 05:37,37.708
25-02-2014 05:42,39.366
25-02-2014 05:47,37.784
25-02-2014 05:52,39.084
25-02-2014 05:57,38.944
25-02-2014 06:02,38.95
25-02-2014 06:07,38.904
25-02-2014 06:12,37.982
25-02-2014 06:17,37.934
25-02-2014 06:22,38.364
25-02-2014 06:27,37.254
25-02-2014 06:32,38.868
25-02-2014 06:37,37.16
25-02-2014 06:42,37.678
25-02-2014 06:47,36.08
25-02-2014 06:52,37.652
25-02-2014 06:57,39.76
25-02-2014 07:02,38.032
25-02-2014 07:07,39.642
25-02-2014 07:12,39.108
25-02-2014 07:17,36.62
25-02-2014 07:22,38.778
25-02-2014 07:27,35.31
25-02-2014 07:32,36.818
25-02-2014 07:37,38.076
25-02-2014 07:42,39.32
25-02-2014 07:47,37.558
25-02-2014 07:52,37.84
25-02-2014 07:57,39.83
25-02-2014 08:02,39.722
25-02-2014 08:07,38.146
25-02-2014 08:12,37.7
25-02-2014 08:17,37.41
25-02-2014 08:22,37.816
25-02-2014 08:27,37.934
25-02-2014 08:32,37.746
25-02-2014 08:37,37.974
25-02-2014 08:42,37.672
25-02-2014 08:47,38.036
25-02-2014 08:52,38.76
25-02-2014 08:57,39.014
25-02-2014 09:02,38.076
25-02-2014 09:07,39.548
25-02-2014 09:12,38.218
25-02-2014 09:17,38.146
25-02-2014 09:22,38.686
25-02-2014 09:27,36.908
25-02-2014 09:32,37.682
25-02-2014 09:37,38.216
25-02-2014 09:42,38.708
25-02-2014 09:47,38.132
25-02-2014 09:52,38.38
25-02-2014 09:57,39.672
25-02-2014 10:02,38.476
25-02-2014 10:07,39.294
25-02-2014 10:12,38.826
25-02-2014 10:17,37.042
25-02-2014 10:22,38.968
25-02-2014 10:27,36.76
25-02-2014 10:32,37.816
25-02-2014 10:37,38.616
25-02-2014 10:42,37.37
25-02-2014 10:47,38.802
25-02-2014 10:52,37.206
25-02-2014 10:57,40.254
25-02-2014 11:02,38.076
25-02-2014 11:07,40.2
25-02-2014 11:12,38.092
25-02-2014 11:17,38.262
25-02-2014 11:22,37.536
25-02-2014 11:27,38.638
25-02-2014 11:32,36.826
25-02-2014 11:37,38.148
25-02-2014 11:42,38.54
25-02-2014 11:47,38.65
25-02-2014 11:52,38.098
25-02-2014 11:57,40.704
25-02-2014 12:02,38.122
25-02-2014 12:07,40.026
25-02-2014 12:12,38.262
25-02-2014 12:17,37.512
25-02-2014 12:22,38.334
25-02-2014 12:27,37.676
25-02-2014 12:32,38.332
25-02-2014 12:37,37.816
25-02-2014 12:42,37.936
25-02-2014 12:47,37.964
25-02-2014 12:52,38.138
25-02-2014 12:57,40.392
25-02-2014 13:02,38.356
25-02-2014 13:07,39.856
25-02-2014 13:12,38.686
25-02-2014 13:17,38.136
25-02-2014 13:22,37.488
25-02-2014 13:27,37.696
25-02-2014 13:32,37.816
25-02-2014 13:37,38.286
25-02-2014 13:42,38.198
25-02-2014 13:47,39.868
25-02-2014 13:52,37.348
25-02-2014 13:57,41.362
25-02-2014 14:02,37.77
25-02-2014 14:07,39.178
25-02-2014 14:12,37.816
25-02-2014 14:17,38.004
25-02-2014 14:22,37.562
25-02-2014 14:27,38.052
25-02-2014 14:32,37.63
25-02-2014 14:37,38.714
25-02-2014 14:42,35.974
25-02-2014 14:47,37.934
25-02-2014 14:52,38.454
25-02-2014 14:57,39.154
25-02-2014 15:02,38.742
25-02-2014 15:07,39.094
25-02-2014 15:12,38.592
25-02-2014 15:17,37.206
25-02-2014 15:22,38.726
25-02-2014 15:27,37.87
25-02-2014 15:32,37.888
25-02-2014 15:37,39.436
25-02-2014 15:42,36.4
25-02-2014 15:47,38.662
25-02-2014 15:52,37.91
25-02-2014 15:57,40.54
25-02-2014 16:02,37.606
25-02-2014 16:07,40.142
25-02-2014 16:12,37.348
25-02-2014 16:17,38.544
25-02-2014 16:22,36.714
25-02-2014 16:27,37.724
25-02-2014 16:32,37.9
25-02-2014 16:37,37.84
25-02-2014 16:42,38.17
25-02-2014 16:47,37.676
25-02-2014 16:52,37.588
25-02-2014 16:57,41.22
25-02-2014 17:02,36.824
25-02-2014 17:07,40.822
25-02-2014 17:12,37.24
25-02-2014 17:17,37.724
25-02-2014 17:22,37.746
25-02-2014 17:27,39.484
25-02-2014 17:32,36.744
25-02-2014 17:37,37.724
25-02-2014 17:42,38.004
25-02-2014 17:47,38.762
25-02-2014 17:52,37.958
25-02-2014 17:57,39.886
25-02-2014 18:02,38.474
25-02-2014 18:07,40.376
25-02-2014 18:12,37.3
25-02-2014 18:17,38.146
25-02-2014 18:22,37.112
25-02-2014 18:27,38.266
25-02-2014 18:32,37.394
25-02-2014 18:37,38.916
25-02-2014 18:42,36.76
25-02-2014 18:47,39.062
25-02-2014 18:52,36.902
25-02-2014 18:57,39.508
25-02-2014 19:02,38.756
25-02-2014 19:07,38.968
25-02-2014 19:12,39.342
25-02-2014 19:17,37.09
25-02-2014 19:22,38.682
25-02-2014 19:27,37.214
25-02-2014 19:32,37.582
25-02-2014 19:37,38.246
25-02-2014 19:42,38.262
25-02-2014 19:47,38.532
25-02-2014 19:52,38.192
25-02-2014 19:57,39.296
25-02-2014 20:02,38.162
25-02-2014 20:07,39.128
25-02-2014 20:12,37.944
25-02-2014 20:17,37.512
25-02-2014 20:22,38.992
25-02-2014 20:27,36.582
25-02-2014 20:32,37.724
25-02-2014 20:37,37.934
25-02-2014 20:42,37.91
25-02-2014 20:47,37.77
25-02-2014 20:52,38.262
25-02-2014 20:57,39.154
25-02-2014 21:02,38.356
25-02-2014 21:07,39.456
25-02-2014 21:12,38.622
25-02-2014 21:17,37.474
25-02-2014 21:22,38.034
25-02-2014 21:27,38.462
25-02-2014 21:32,36.756
25-02-2014 21:37,38.05
25-02-2014 21:42,37.84
25-02-2014 21:47,37.91
25-02-2014 21:52,38.004
25-02-2014 21:57,40.234
25-02-2014 22:02,38.122
25-02-2014 22:07,39.484
25-02-2014 22:12,38.044
25-02-2014 22:17,38.732
25-02-2014 22:22,37.582
25-02-2014 22:27,37.29
25-02-2014 22:32,38.356
25-02-2014 22:37,38.46
25-02-2014 22:42,36.972
25-02-2014 22:47,38.732
25-02-2014 22:52,36.67
25-02-2014 22:57,40.454
25-02-2014 23:02,36.572
25-02-2014 23:07,40.894
25-02-2014 23:12,36.644
25-02-2014 23:17,38.004
25-02-2014 23:22,38.098
25-02-2014 23:27,37.746
25-02-2014 23:32,37.802
25-02-2014 23:37,38.262
25-02-2014 23:42,38.562
25-02-2014 23:47,39.21
25-02-2014 23:52,37.508
25-02-2014 23:57,40.752
26-02-2014 00:02,37.746
26-02-2014 00:07,40.618
26-02-2014 00:12,37.75
26-02-2014 00:17,38.356
26-02-2014 00:22,35.278
26-02-2014 00:27,38.146
26-02-2014 00:32,37.95
26-02-2014 00:37,38.31
26-02-2014 00:42,38.808
26-02-2014 00:47,37.912
26-02-2014 00:52,36.93
26-02-2014 00:57,39.862
26-02-2014 01:02,38.004
26-02-2014 01:07,39.312
26-02-2014 01:12,36.268
26-02-2014 01:17,37.612
26-02-2014 01:22,37.888
26-02-2014 01:27,38.356
26-02-2014 01:32,37.802
26-02-2014 01:37,38.056
26-02-2014 01:42,38.802
26-02-2014 01:47,39.132
26-02-2014 01:52,38.636
26-02-2014 01:57,39.954
26-02-2014 02:02,38.788
26-02-2014 02:07,40.056
26-02-2014 02:12,38.708
26-02-2014 02:17,35.93
26-02-2014 02:22,36.806
26-02-2014 02:27,37.376
26-02-2014 02:32,37.864
26-02-2014 02:37,37.966
26-02-2014 02:42,37.746
26-02-2014 02:47,37.652
26-02-2014 02:52,38.05
26-02-2014 02:57,40
26-02-2014 03:02,38.028
26-02-2014 03:07,39.554
26-02-2014 03:12,37.864
26-02-2014 03:17,39.954
26-02-2014 03:22,37.794
26-02-2014 03:27,36.254
26-02-2014 03:32,37.254
26-02-2014 03:37,37.068
26-02-2014 03:42,38.968
26-02-2014 03:47,37.512
26-02-2014 03:52,39.33
26-02-2014 03:57,38.78
26-02-2014 04:02,38.896
26-02-2014 04:07,38.942
26-02-2014 04:12,38.11
26-02-2014 04:17,37.998
26-02-2014 04:22,38.92
26-02-2014 04:27,36.954
26-02-2014 04:32,37.964
26-02-2014 04:37,37.276
26-02-2014 04:42,38.686
26-02-2014 04:47,37.23
26-02-2014 04:52,37.504
26-02-2014 04:57,39.418
26-02-2014 05:02,37.906
26-02-2014 05:07,39.414
26-02-2014 05:12,38.462
26-02-2014 05:17,37.668
26-02-2014 05:22,38.458
26-02-2014 05:27,37.336
26-02-2014 05:32,38.504
26-02-2014 05:37,37.276
26-02-2014 05:42,39.6
26-02-2014 05:47,37.254
26-02-2014 05:52,38.028
26-02-2014 05:57,40.094
26-02-2014 06:02,38.122
26-02-2014 06:07,39.65
26-02-2014 06:12,38.92
26-02-2014 06:17,36.808
26-02-2014 06:22,37.44
26-02-2014 06:27,37.976
26-02-2014 06:32,39.064
26-02-2014 06:37,36.808
26-02-2014 06:42,37.554
26-02-2014 06:47,38.83
26-02-2014 06:52,36.572
26-02-2014 06:57,39.912
26-02-2014 07:02,38.076
26-02-2014 07:07,40.234
26-02-2014 07:12,37.624
26-02-2014 07:17,38.616
26-02-2014 07:22,38.366
26-02-2014 07:27,37.254
26-02-2014 07:32,37.536
26-02-2014 07:37,38.122
26-02-2014 07:42,37.794
26-02-2014 07:47,38.99
26-02-2014 07:52,37.77
26-02-2014 07:57,40.354
26-02-2014 08:02,37.888
26-02-2014 08:07,39.97
26-02-2014 08:12,37.676
26-02-2014 08:17,38.45
26-02-2014 08:22,37.09
26-02-2014 08:27,38.686
26-02-2014 08:32,37.276
26-02-2014 08:37,39.794
26-02-2014 08:42,37.112
26-02-2014 08:47,38.072
26-02-2014 08:52,38.238
26-02-2014 08:57,40.774
26-02-2014 09:02,37.494
26-02-2014 09:07,40.518
26-02-2014 09:12,38.004
26-02-2014 09:17,38.474
26-02-2014 09:22,37.324
26-02-2014 09:27,38.99
26-02-2014 09:32,36.808
26-02-2014 09:37,38.098
26-02-2014 09:42,38.478
26-02-2014 09:47,39.456
26-02-2014 09:52,38.316
26-02-2014 09:57,39.766
26-02-2014 10:02,38.028
26-02-2014 10:07,39.776
26-02-2014 10:12,37.84
26-02-2014 10:17,38.14
26-02-2014 10:22,38.146
26-02-2014 10:27,37.794
26-02-2014 10:32,38.732
26-02-2014 10:37,37.934
26-02-2014 10:42,37.788
26-02-2014 10:47,37.916
26-02-2014 10:52,36.81
26-02-2014 10:57,39.954
26-02-2014 11:02,37.958
26-02-2014 11:07,39.61
26-02-2014 11:12,38.098
26-02-2014 11:17,38.016
26-02-2014 11:22,37.676
26-02-2014 11:27,37.816
26-02-2014 11:32,37.746
26-02-2014 11:37,39.084
26-02-2014 11:42,37.004
26-02-2014 11:47,38.662
26-02-2014 11:52,38.052
26-02-2014 11:57,39.918
26-02-2014 12:02,38.356
26-02-2014 12:07,39.742
26-02-2014 12:12,37.926
26-02-2014 12:17,36.314
26-02-2014 12:22,38.076
26-02-2014 12:27,38.146
26-02-2014 12:32,37.864
26-02-2014 12:37,37.77
26-02-2014 12:42,38.616
26-02-2014 12:47,37.142
26-02-2014 12:52,38.31
26-02-2014 12:57,40.304
26-02-2014 13:02,38.216
26-02-2014 13:07,40.046
26-02-2014 13:12,38.192
26-02-2014 13:17,38.968
26-02-2014 13:22,37.724
26-02-2014 13:27,37.79
26-02-2014 13:32,37.77
26-02-2014 13:37,38.192
26-02-2014 13:42,39.418
26-02-2014 13:47,37.572
26-02-2014 13:52,38.216
26-02-2014 13:57,40.33
26-02-2014 14:02,38.792
26-02-2014 14:07,40.162
26-02-2014 14:12,38.498
26-02-2014 14:17,38.076
26-02-2014 14:22,37.982
26-02-2014 14:27,37.874
26-02-2014 14:32,37.888
26-02-2014 14:37,38.072
26-02-2014 14:42,37.278
26-02-2014 14:47,38.262
26-02-2014 14:52,36.938
26-02-2014 14:57,39.906
26-02-2014 15:02,37.37
26-02-2014 15:07,41.142
26-02-2014 15:12,36.832
26-02-2014 15:17,38.24
26-02-2014 15:22,36.864
26-02-2014 15:27,37.888
26-02-2014 15:32,37.09
26-02-2014 15:37,38.076
26-02-2014 15:42,38.638
26-02-2014 15:47,39.108
26-02-2014 15:52,38.78
26-02-2014 15:57,39.084
26-02-2014 16:02,37.934
26-02-2014 16:07,39.548
26-02-2014 16:12,37.464
26-02-2014 16:17,37.786
26-02-2014 16:22,37.536
26-02-2014 16:27,37.578
26-02-2014 16:32,37.562
26-02-2014 16:37,37.676
26-02-2014 16:42,37.806
26-02-2014 16:47,37.536
26-02-2014 16:52,37.216
26-02-2014 16:57,39.178
26-02-2014 17:02,38.076
26-02-2014 17:07,39.778
26-02-2014 17:12,38.178
26-02-2014 17:17,37.888
26-02-2014 17:22,37.864
26-02-2014 17:27,37.82
26-02-2014 17:32,38.99
26-02-2014 17:37,37.112
26-02-2014 17:42,37.488
26-02-2014 17:47,39.308
26-02-2014 17:52,37.442
26-02-2014 17:57,40.68
26-02-2014 18:02,37.252
26-02-2014 18:07,40.028
26-02-2014 18:12,37.934
26-02-2014 18:17,37.686
26-02-2014 18:22,39.794
26-02-2014 18:27,35.596
26-02-2014 18:32,37.722
26-02-2014 18:37,38.31
26-02-2014 18:42,38.666
26-02-2014 18:47,36.572
26-02-2014 18:52,37.888
26-02-2014 18:57,40.61
26-02-2014 19:02,37.706
26-02-2014 19:07,40.376
26-02-2014 19:12,37.698
26-02-2014 19:17,38.146
26-02-2014 19:22,37.746
26-02-2014 19:27,38.662
26-02-2014 19:32,36.76
26-02-2014 19:37,36.972
26-02-2014 19:42,38.522
26-02-2014 19:47,39.456
26-02-2014 19:52,38.286
26-02-2014 19:57,39.882
26-02-2014 20:02,38.098
26-02-2014 20:07,39.788
26-02-2014 20:12,37.954
26-02-2014 20:17,38.002
26-02-2014 20:22,37.864
26-02-2014 20:27,37.652
26-02-2014 20:32,39.014
26-02-2014 20:37,36.598
26-02-2014 20:42,39.018
26-02-2014 20:47,36.456
26-02-2014 20:52,37.888
26-02-2014 20:57,39.68
26-02-2014 21:02,37.91
26-02-2014 21:07,40.328
26-02-2014 21:12,38.052
26-02-2014 21:17,37.934
26-02-2014 21:22,37.558
26-02-2014 21:27,37.864
26-02-2014 21:32,37.512
26-02-2014 21:37,37.77
26-02-2014 21:42,38.144
26-02-2014 21:47,38.262
26-02-2014 21:52,38.012
26-02-2014 21:57,39.812
26-02-2014 22:02,38.286
26-02-2014 22:07,39.94
26-02-2014 22:12,37.794
26-02-2014 22:17,37.578
26-02-2014 22:22,37.91
26-02-2014 22:27,38.2
26-02-2014 22:32,37.16
26-02-2014 22:37,37.982
26-02-2014 22:42,37.434
26-02-2014 22:47,37.746
26-02-2014 22:52,37.77
26-02-2014 22:57,40.094
26-02-2014 23:02,37.884
26-02-2014 23:07,40.256
26-02-2014 23:12,37.91
26-02-2014 23:17,38.334
26-02-2014 23:22,37.42
26-02-2014 23:27,37.934
26-02-2014 23:32,37.746
26-02-2014 23:37,38.508
26-02-2014 23:42,37.582
26-02-2014 23:47,38.944
26-02-2014 23:52,37.438
26-02-2014 23:57,40.902
27-02-2014 00:02,37.3
27-02-2014 00:07,40.634
27-02-2014 00:12,36.924
27-02-2014 00:17,36.496
27-02-2014 00:22,38.014
27-02-2014 00:27,37.816
27-02-2014 00:32,37.724
27-02-2014 00:37,37.742
27-02-2014 00:42,38.004
27-02-2014 00:47,37.354
27-02-2014 00:52,38.104
27-02-2014 00:57,39.858
27-02-2014 01:02,37.718
27-02-2014 01:07,39.748
27-02-2014 01:12,37.84
27-02-2014 01:17,38.146
27-02-2014 01:22,37.958
27-02-2014 01:27,38.004
27-02-2014 01:32,38.164
27-02-2014 01:37,38.57
27-02-2014 01:42,38.708
27-02-2014 01:47,39.084
27-02-2014 01:52,37.084
27-02-2014 01:57,40.046
27-02-2014 02:02,38.14
27-02-2014 02:07,39.978
27-02-2014 02:12,38.122
27-02-2014 02:17,38.012
27-02-2014 02:22,37.816
27-02-2014 02:27,37.84
27-02-2014 02:32,38.198
27-02-2014 02:37,37.816
27-02-2014 02:42,37.594
27-02-2014 02:47,37.594
27-02-2014 02:52,38.276
27-02-2014 02:57,39.842
27-02-2014 03:02,37.844
27-02-2014 03:07,39.698
27-02-2014 03:12,38.252
27-02-2014 03:17,37.536
27-02-2014 03:22,38.498
27-02-2014 03:27,37.348
27-02-2014 03:32,38.024
27-02-2014 03:37,40.234
27-02-2014 03:42,39.154
27-02-2014 03:47,38.052
27-02-2014 03:52,38.988
27-02-2014 03:57,39.922
27-02-2014 04:02,38.002
27-02-2014 04:07,39.578
27-02-2014 04:12,38.098
27-02-2014 04:17,37.68
27-02-2014 04:22,38.286
27-02-2014 04:27,37.278
27-02-2014 04:32,37.816
27-02-2014 04:37,37.582
27-02-2014 04:42,37.652
27-02-2014 04:47,38.592
27-02-2014 04:52,36.876
27-02-2014 04:57,39.296
27-02-2014 05:02,38.426
27-02-2014 05:07,39.108
27-02-2014 05:12,38.052
27-02-2014 05:17,37.512
27-02-2014 05:22,38.098
27-02-2014 05:27,37.484
27-02-2014 05:32,38.336
27-02-2014 05:37,37.37
27-02-2014 05:42,39.04
27-02-2014 05:47,37.686
27-02-2014 05:52,37.864
27-02-2014 05:57,40.048
27-02-2014 06:02,38.052
27-02-2014 06:07,39.694
27-02-2014 06:12,38.192
27-02-2014 06:17,37.934
27-02-2014 06:22,37.794
27-02-2014 06:27,39.076
27-02-2014 06:32,36.408
27-02-2014 06:37,38.592
27-02-2014 06:42,37.016
27-02-2014 06:47,37.958
27-02-2014 06:52,37.982
27-02-2014 06:57,40.372
27-02-2014 07:02,38.052
27-02-2014 07:07,38.45
27-02-2014 07:12,38.286
27-02-2014 07:17,39.132
27-02-2014 07:22,36.996
27-02-2014 07:27,37.536
27-02-2014 07:32,39.024
27-02-2014 07:37,36.76
27-02-2014 07:42,38.086
27-02-2014 07:47,38.188
27-02-2014 07:52,38.436
27-02-2014 07:57,39.954
27-02-2014 08:02,38.24
27-02-2014 08:07,41.936
27-02-2014 08:12,35.61
27-02-2014 08:17,37.746
27-02-2014 08:22,38.216
27-02-2014 08:27,38.85
27-02-2014 08:32,36.858
27-02-2014 08:37,38.356
27-02-2014 08:42,37.19
27-02-2014 08:47,38.076
27-02-2014 08:52,37.418
27-02-2014 08:57,38.826
27-02-2014 09:02,36.958
27-02-2014 09:07,40.492
27-02-2014 09:12,37.248
27-02-2014 09:17,38.44
27-02-2014 09:22,37.394
27-02-2014 09:27,38.286
27-02-2014 09:32,37.414
27-02-2014 09:37,38.948
27-02-2014 09:42,37.15
27-02-2014 09:47,38.696
27-02-2014 09:52,38.004
27-02-2014 09:57,39.86
27-02-2014 10:02,37.036
27-02-2014 10:07,39.86
27-02-2014 10:12,37.794
27-02-2014 10:17,38.45
27-02-2014 10:22,38.166
27-02-2014 10:27,38.38
27-02-2014 10:32,37.982
27-02-2014 10:37,38.616
27-02-2014 10:42,37.442
27-02-2014 10:47,37.652
27-02-2014 10:52,36.678
27-02-2014 10:57,39.6
27-02-2014 11:02,39.154
27-02-2014 11:07,38.494
27-02-2014 11:12,38.684
27-02-2014 11:17,36.784
27-02-2014 11:22,38.498
27-02-2014 11:27,35.376
27-02-2014 11:32,38.462
27-02-2014 11:37,37.504
27-02-2014 11:42,38.848
27-02-2014 11:47,38.752
27-02-2014 11:52,38.068
27-02-2014 11:57,40.556
27-02-2014 12:02,37.77
27-02-2014 12:07,40.916
27-02-2014 12:12,37.324
27-02-2014 12:17,38.44
27-02-2014 12:22,37.37
27-02-2014 12:27,37.7
27-02-2014 12:32,37.864
27-02-2014 12:37,37.91
27-02-2014 12:42,38.226
27-02-2014 12:47,36.91
27-02-2014 12:52,38.642
27-02-2014 12:57,39.038
27-02-2014 13:02,38.944
27-02-2014 13:07,38.826
27-02-2014 13:12,38.122
27-02-2014 13:17,37.888
27-02-2014 13:22,37.958
27-02-2014 13:27,37.206
27-02-2014 13:32,38.428
27-02-2014 13:37,36.858
27-02-2014 13:42,38.052
27-02-2014 13:47,38.31
27-02-2014 13:52,37.816
27-02-2014 13:57,39.836
27-02-2014 14:02,38.64
27-02-2014 14:07,38.86
27-02-2014 14:12,37.816
27-02-2014 14:17,37.794
27-02-2014 14:22,37.7
27-02-2014 14:27,37.49
27-02-2014 14:32,38.644
27-02-2014 14:37,37.3
27-02-2014 14:42,38.56
27-02-2014 14:47,36.924
27-02-2014 14:52,38.122
27-02-2014 14:57,39.342
27-02-2014 15:02,40
27-02-2014 15:07,37.84
27-02-2014 15:12,37.756
27-02-2014 15:17,37.8
27-02-2014 15:22,37.724
27-02-2014 15:27,38.004
27-02-2014 15:32,39.318
27-02-2014 15:37,36.972
27-02-2014 15:42,38.216
27-02-2014 15:47,38.474
27-02-2014 15:52,38.188
27-02-2014 15:57,39.946
27-02-2014 16:02,38.356
27-02-2014 16:07,39.788
27-02-2014 16:12,38.004
27-02-2014 16:17,38.184
27-02-2014 16:22,38.24
27-02-2014 16:27,37.666
27-02-2014 16:32,38.78
27-02-2014 16:37,37.418
27-02-2014 16:42,38.944
27-02-2014 16:47,37.292
27-02-2014 16:52,37.412
27-02-2014 16:57,40.152
27-02-2014 17:02,38.076
27-02-2014 17:07,39.672
27-02-2014 17:12,38.262
27-02-2014 17:17,37.308
27-02-2014 17:22,39.23
27-02-2014 17:27,36.534
27-02-2014 17:32,38.958
27-02-2014 17:37,37.536
27-02-2014 17:42,37.838
27-02-2014 17:47,38.85
27-02-2014 17:52,37.84
27-02-2014 17:57,40.234
27-02-2014 18:02,38.288
27-02-2014 18:07,40.164
27-02-2014 18:12,38.662
27-02-2014 18:17,37.784
27-02-2014 18:22,37.694
27-02-2014 18:27,38.128
27-02-2014 18:32,38.078
27-02-2014 18:37,38.356
27-02-2014 18:42,37.472
27-02-2014 18:47,38.192
27-02-2014 18:52,37.724
27-02-2014 18:57,39.954
27-02-2014 19:02,38.404
27-02-2014 19:07,40.118
27-02-2014 19:12,37.956
27-02-2014 19:17,38.64
27-02-2014 19:22,37.214
27-02-2014 19:27,37.77
27-02-2014 19:32,37.498
27-02-2014 19:37,38.098
27-02-2014 19:42,39.062
27-02-2014 19:47,37.554
27-02-2014 19:52,39.484
27-02-2014 19:57,38.85
27-02-2014 20:02,38.146
27-02-2014 20:07,39.672
27-02-2014 20:12,37.77
27-02-2014 20:17,39.086
27-02-2014 20:22,36.926
27-02-2014 20:27,38.386
27-02-2014 20:32,37.644
27-02-2014 20:37,38.122
27-02-2014 20:42,37.676
27-02-2014 20:47,38.146
27-02-2014 20:52,37.588
27-02-2014 20:57,39.53
27-02-2014 21:02,38.17
27-02-2014 21:07,39.578
27-02-2014 21:12,38.098
27-02-2014 21:17,38.69
27-02-2014 21:22,36.842
27-02-2014 21:27,38.568
27-02-2014 21:32,36.712
27-02-2014 21:37,38.852
27-02-2014 21:42,37.378
27-02-2014 21:47,37.654
27-02-2014 21:52,37.182
27-02-2014 21:57,41.052
27-02-2014 22:02,37.558
27-02-2014 22:07,40.118
27-02-2014 22:12,37.934
27-02-2014 22:17,37.782
27-02-2014 22:22,37.724
27-02-2014 22:27,37.75
27-02-2014 22:32,38.85
27-02-2014 22:37,36.924
27-02-2014 22:42,38.386
27-02-2014 22:47,37.418
27-02-2014 22:52,39.014
27-02-2014 22:57,39.508
27-02-2014 23:02,38.662
27-02-2014 23:07,39.718
27-02-2014 23:12,38.004
27-02-2014 23:17,37.558
27-02-2014 23:22,37.864
27-02-2014 23:27,37.37
27-02-2014 23:32,37.794
27-02-2014 23:37,39.014
27-02-2014 23:42,37.192
27-02-2014 23:47,38.498
27-02-2014 23:52,38.256
27-02-2014 23:57,39.934
28-02-2014 00:02,38.286
28-02-2014 00:07,40.822
28-02-2014 00:12,37.076
28-02-2014 00:17,38.658
28-02-2014 00:22,37.018
28-02-2014 00:27,37.724
28-02-2014 00:32,37.736
28-02-2014 00:37,37.91
28-02-2014 00:42,38.826
28-02-2014 00:47,36.972
28-02-2014 00:52,38.506
28-02-2014 00:57,39.038
28-02-2014 01:02,37.512
28-02-2014 01:07,39.408
28-02-2014 01:12,38.314
28-02-2014 01:17,37.698
28-02-2014 01:22,37.954
28-02-2014 01:27,38.244
28-02-2014 01:32,37.77
28-02-2014 01:37,37.906
28-02-2014 01:42,38.686
28-02-2014 01:47,37.794
28-02-2014 01:52,38.71
28-02-2014 01:57,39.126
28-02-2014 02:02,38.602
28-02-2014 02:07,38.72
28-02-2014 02:12,38.24
28-02-2014 02:17,37.066
28-02-2014 02:22,37.63
28-02-2014 02:27,37.508
28-02-2014 02:32,38.08
28-02-2014 02:37,38.04
28-02-2014 02:42,38.686
28-02-2014 02:47,36.526
28-02-2014 02:52,37.746
28-02-2014 02:57,39.906
28-02-2014 03:02,38.052
28-02-2014 03:07,39.812
28-02-2014 03:12,37.86
28-02-2014 03:17,37.788
28-02-2014 03:22,37.574
28-02-2014 03:27,38.85
28-02-2014 03:32,39.296
28-02-2014 03:37,37.63
28-02-2014 03:42,38.114
28-02-2014 03:47,39.328
28-02-2014 03:52,37.532
28-02-2014 03:57,40.598
28-02-2014 04:02,37.706
28-02-2014 04:07,40.114
28-02-2014 04:12,36.944
28-02-2014 04:17,39.326
28-02-2014 04:22,36.856
28-02-2014 04:27,37.7
28-02-2014 04:32,37.582
28-02-2014 04:37,37.786
28-02-2014 04:42,37.84
28-02-2014 04:47,38.168
28-02-2014 04:52,37.464
28-02-2014 04:57,40.024
28-02-2014 05:02,37.672
28-02-2014 05:07,40.234
28-02-2014 05:12,37.582
28-02-2014 05:17,38.648
28-02-2014 05:22,37.536
28-02-2014 05:27,38.686
28-02-2014 05:32,37.7
28-02-2014 05:37,37.888
28-02-2014 05:42,38.44
28-02-2014 05:47,38.74
28-02-2014 05:52,37.958
28-02-2014 05:57,40.02
28-02-2014 06:02,38.948
28-02-2014 06:07,38.864
28-02-2014 06:12,37.91
28-02-2014 06:17,37.816
28-02-2014 06:22,37.842
28-02-2014 06:27,37.844
28-02-2014 06:32,38.142
28-02-2014 06:37,37.84
28-02-2014 06:42,38.16
28-02-2014 06:47,37.676
28-02-2014 06:52,39.436
28-02-2014 06:57,38.028
28-02-2014 07:02,37.986
28-02-2014 07:07,39.62
28-02-2014 07:12,38.146
28-02-2014 07:17,38.17
28-02-2014 07:22,36.792
28-02-2014 07:27,38.616
28-02-2014 07:32,36.882
28-02-2014 07:37,38.028
28-02-2014 07:42,38.686
28-02-2014 07:47,39.746
28-02-2014 07:52,37.16
28-02-2014 07:57,40.752
28-02-2014 08:02,37.394
28-02-2014 08:07,40.478
28-02-2014 08:12,37.766
28-02-2014 08:17,38.314
28-02-2014 08:22,37.764
28-02-2014 08:27,37.934
28-02-2014 08:32,37.742
28-02-2014 08:37,38.428
28-02-2014 08:42,37.77
28-02-2014 08:47,37.91
28-02-2014 08:52,37.958
28-02-2014 08:57,40.4
28-02-2014 09:02,37.606
28-02-2014 09:07,40.586
28-02-2014 09:12,37.816
28-02-2014 09:17,38.732
28-02-2014 09:22,37.256
28-02-2014 09:27,38.638
28-02-2014 09:32,36.596
28-02-2014 09:37,38.192
28-02-2014 09:42,38.428
28-02-2014 09:47,38.524
28-02-2014 09:52,38.38
28-02-2014 09:57,40.362
28-02-2014 10:02,38.028
28-02-2014 10:07,39.554
28-02-2014 10:12,38.086
28-02-2014 10:17,37.864
28-02-2014 10:22,37.694
28-02-2014 10:27,38.052
28-02-2014 10:32,38.004
28-02-2014 10:37,38.052
28-02-2014 10:42,37.798
28-02-2014 10:47,37.672
28-02-2014 10:52,38.264
28-02-2014 10:57,40.312
28-02-2014 11:02,37.558
28-02-2014 11:07,40.684
28-02-2014 11:12,37.558
28-02-2014 11:17,38.24
28-02-2014 11:22,37.632
28-02-2014 11:27,37.746
28-02-2014 11:32,38.004
28-02-2014 11:37,39.718
28-02-2014 11:42,37.7
28-02-2014 11:47,39.27
28-02-2014 11:52,37.582
28-02-2014 11:57,39.93
28-02-2014 12:02,38.77
28-02-2014 12:07,38.868
28-02-2014 12:12,38.972
28-02-2014 12:17,36.568
28-02-2014 12:22,38.198
28-02-2014 12:27,38.114
28-02-2014 12:32,37.856
28-02-2014 12:37,37.884
28-02-2014 12:42,37.704
28-02-2014 12:47,37.858
28-02-2014 12:52,37.914
28-02-2014 12:57,39.66
28-02-2014 13:02,38.286
28-02-2014 13:07,39.712
28-02-2014 13:12,39.108
28-02-2014 13:17,37.056
28-02-2014 13:22,38.708
28-02-2014 13:27,36.714
28-02-2014 13:32,38.666
28-02-2014 13:37,37.206
28-02-2014 13:42,38.334
28-02-2014 13:47,39.554
28-02-2014 13:52,37.09
28-02-2014 13:57,39.878
28-02-2014 14:02,38.474
28-02-2014 14:07,40.352
28-02-2014 14:12,37.912
28-02-2014 14:17,38.458
28-02-2014 14:22,37.718
